epoch,time,train/box_loss,train/cls_loss,train/dfl_loss,metrics/precision(B),metrics/recall(B),metrics/mAP50(B),metrics/mAP50-95(B),val/box_loss,val/cls_loss,val/dfl_loss,lr/pg0,lr/pg1,lr/pg2
1,460.326,1.25137,0.92371,1.16639,0.91657,0.86363,0.9025,0.5665,1.05892,1.24645,1.05931,0.0700221,0.00333088,0.00333088
2,896.855,1.19383,0.65416,1.13302,0.93717,0.87873,0.92235,0.57828,1.06268,0.86083,1.05595,0.0400054,0.00664755,0.00664755
3,1330.44,1.18675,0.62858,1.12883,0.91663,0.82874,0.89816,0.57149,1.09503,0.68918,1.06365,0.00997212,0.00994756,0.00994756
4,1769.1,1.17095,0.59611,1.11998,0.93474,0.85984,0.92337,0.59579,1.08718,0.78229,1.06135,0.00992501,0.00992501,0.00992501
5,2217.84,1.1415,0.5566,1.1039,0.94551,0.88923,0.94482,0.6327,0.99656,0.62037,1.01075,0.00990001,0.00990001,0.00990001
6,3498,1.116,0.53199,1.09587,0.94825,0.90097,0.94807,0.6372,0.9988,0.70467,1.00677,0.00987501,0.00987501,0.00987501
7,3929.92,1.10307,0.5133,1.08661,0.95397,0.90062,0.95105,0.64783,0.98547,0.60547,1.00754,0.00985002,0.00985002,0.00985002
8,4373.31,1.09444,0.50399,1.07927,0.954,0.90187,0.94277,0.63782,0.99901,0.7667,1.01056,0.00982502,0.00982502,0.00982502
9,4816.21,1.08236,0.49423,1.07659,0.95598,0.89953,0.94696,0.63744,1.00779,0.66032,1.01518,0.00980002,0.00980002,0.00980002
10,5259.04,1.07207,0.48587,1.07103,0.95686,0.91147,0.95358,0.66336,0.96084,0.71583,0.99405,0.00977502,0.00977502,0.00977502
11,5708.93,1.06712,0.48127,1.07144,0.96051,0.91018,0.95996,0.66734,0.95569,0.69519,0.99302,0.00975003,0.00975003,0.00975003
12,6160.02,1.06009,0.47785,1.0675,0.96183,0.90472,0.95632,0.66692,0.95115,0.63395,0.99016,0.00972503,0.00972503,0.00972503
13,7743.65,1.05388,0.4694,1.06381,0.95646,0.91235,0.95929,0.66442,0.95148,0.63608,0.98853,0.00970003,0.00970003,0.00970003
14,8240.25,1.0497,0.46734,1.06003,0.96069,0.92434,0.96133,0.6681,0.94024,0.78579,0.98387,0.00967503,0.00967503,0.00967503
15,8700.11,1.0441,0.46233,1.0586,0.96173,0.92422,0.96555,0.68175,0.9393,0.66237,0.98453,0.00965003,0.00965003,0.00965003
16,9152.99,1.03856,0.45646,1.05731,0.96115,0.91887,0.96282,0.67898,0.93926,0.73126,0.98406,0.00962504,0.00962504,0.00962504
17,9888.02,1.03879,0.45593,1.05383,0.96166,0.92634,0.96316,0.68013,0.93198,0.9035,0.97986,0.00960004,0.00960004,0.00960004
18,10347.8,1.03374,0.45311,1.0534,0.96598,0.93219,0.96925,0.69088,0.92034,0.68792,0.97565,0.00957504,0.00957504,0.00957504
19,10805.5,1.02959,0.45028,1.04987,0.96186,0.93047,0.96858,0.68745,0.92195,0.71602,0.97532,0.00955005,0.00955005,0.00955005
20,11262.7,1.02715,0.44991,1.0501,0.96265,0.92552,0.96313,0.68427,0.93004,0.92823,0.97869,0.00952505,0.00952505,0.00952505
21,11766.8,1.02086,0.44604,1.04797,0.96361,0.92544,0.96443,0.68695,0.91854,0.76809,0.97256,0.00950005,0.00950005,0.00950005
22,12257,1.01412,0.43999,1.04615,0.96414,0.92755,0.96794,0.69001,0.91663,0.70818,0.97409,0.00947505,0.00947505,0.00947505
23,12705.6,1.01399,0.43969,1.04629,0.96563,0.9302,0.96829,0.69451,0.91453,0.67766,0.9723,0.00945005,0.00945005,0.00945005
24,13138.3,1.01259,0.44003,1.04558,0.96145,0.93206,0.96838,0.69239,0.90824,0.74479,0.96845,0.00942506,0.00942506,0.00942506
25,13722.8,1.01185,0.43776,1.04293,0.96448,0.93444,0.9709,0.69834,0.90907,0.69858,0.96946,0.00940006,0.00940006,0.00940006
26,14154.9,1.00816,0.43594,1.04322,0.96422,0.93393,0.97071,0.70117,0.90259,0.78029,0.96815,0.00937506,0.00937506,0.00937506
27,14601.2,1.00135,0.43236,1.04002,0.96811,0.93307,0.97099,0.70036,0.9005,0.60555,0.96618,0.00935007,0.00935007,0.00935007
28,15111.6,1.00133,0.4308,1.03945,0.96766,0.93613,0.96955,0.69946,0.89956,0.74457,0.96579,0.00932507,0.00932507,0.00932507
29,15545.7,1.0005,0.43286,1.03748,0.96835,0.93539,0.97068,0.69774,0.90753,0.65497,0.96759,0.00930007,0.00930007,0.00930007
30,15983.4,1.00164,0.43199,1.03842,0.96663,0.93843,0.97259,0.70482,0.89483,0.62643,0.96373,0.00927507,0.00927507,0.00927507
31,16416.9,1.00097,0.42832,1.03846,0.96868,0.93828,0.97219,0.70273,0.90099,0.74027,0.96486,0.00925008,0.00925008,0.00925008
32,17045.1,0.99719,0.42733,1.03713,0.96586,0.93314,0.97034,0.70367,0.89649,0.94477,0.96416,0.00922508,0.00922508,0.00922508
33,17478.2,0.99543,0.42511,1.03743,0.96858,0.93636,0.97163,0.70236,0.89999,0.64386,0.96585,0.00920008,0.00920008,0.00920008
34,17911.4,0.99487,0.42511,1.0367,0.96986,0.93833,0.97317,0.7056,0.89291,0.68629,0.96303,0.00917508,0.00917508,0.00917508
35,18343.7,0.99105,0.42317,1.03646,0.97014,0.93695,0.97217,0.70497,0.89437,0.73209,0.96227,0.00915009,0.00915009,0.00915009
36,18776.2,0.99133,0.42377,1.0375,0.96964,0.93896,0.97265,0.70784,0.89282,0.78216,0.96259,0.00912509,0.00912509,0.00912509
37,19209,0.98828,0.4201,1.03465,0.96781,0.9384,0.97164,0.7111,0.88815,0.85616,0.96113,0.00910009,0.00910009,0.00910009
38,19641.3,0.98995,0.42131,1.03382,0.9702,0.93753,0.97196,0.70784,0.88996,0.77064,0.96161,0.00907509,0.00907509,0.00907509
39,20073.9,0.98536,0.42053,1.03143,0.9697,0.93999,0.97353,0.70888,0.89049,0.69687,0.96092,0.0090501,0.0090501,0.0090501
40,20506.5,0.98591,0.41783,1.03376,0.97069,0.93968,0.97437,0.71018,0.88786,0.6933,0.96009,0.0090251,0.0090251,0.0090251
41,20941.4,0.98302,0.41562,1.0318,0.97084,0.9399,0.97392,0.71118,0.88446,0.64773,0.95889,0.0090001,0.0090001,0.0090001
42,21376.9,0.98463,0.418,1.03234,0.9687,0.93871,0.97449,0.71104,0.88464,0.59682,0.95842,0.0089751,0.0089751,0.0089751
43,21812.2,0.98065,0.41425,1.03089,0.97036,0.94174,0.9745,0.71312,0.88418,0.68167,0.95915,0.0089501,0.0089501,0.0089501
44,22246.2,0.98332,0.41754,1.03068,0.96952,0.94004,0.97343,0.71317,0.88232,0.74147,0.95833,0.00892511,0.00892511,0.00892511
45,22685.7,0.98202,0.41553,1.02972,0.97033,0.93965,0.97456,0.71309,0.88326,0.69418,0.95807,0.00890011,0.00890011,0.00890011
46,23118.3,0.97863,0.41276,1.02977,0.97049,0.94075,0.97423,0.71447,0.8802,0.71895,0.95783,0.00887511,0.00887511,0.00887511
47,23551.2,0.97671,0.41352,1.02811,0.97102,0.93962,0.9739,0.71462,0.87956,0.7291,0.95706,0.00885012,0.00885012,0.00885012
48,23984.2,0.97759,0.41237,1.02917,0.97103,0.94197,0.97543,0.71578,0.87969,0.58476,0.95687,0.00882512,0.00882512,0.00882512
49,24416.5,0.97765,0.41314,1.02978,0.96997,0.94078,0.97491,0.71463,0.88013,0.58589,0.95735,0.00880012,0.00880012,0.00880012
50,24849.4,0.97229,0.40974,1.02865,0.97063,0.94226,0.97576,0.7158,0.87774,0.59403,0.95578,0.00877512,0.00877512,0.00877512
51,25282.6,0.97696,0.41178,1.02815,0.96991,0.94249,0.97548,0.71577,0.87908,0.60743,0.95694,0.00875012,0.00875012,0.00875012
52,25715.4,0.97276,0.41145,1.02758,0.97025,0.94256,0.97531,0.71514,0.87889,0.61564,0.95658,0.00872513,0.00872513,0.00872513
53,26152.6,0.97251,0.41076,1.02524,0.97259,0.94194,0.97533,0.71732,0.87789,0.65833,0.95601,0.00870013,0.00870013,0.00870013
54,26584.9,0.97012,0.40846,1.02651,0.9725,0.94295,0.97579,0.71688,0.87707,0.65193,0.9555,0.00867513,0.00867513,0.00867513
55,27017.8,0.97141,0.4074,1.02566,0.97183,0.94382,0.9762,0.71785,0.87482,0.64364,0.95444,0.00865013,0.00865013,0.00865013
56,27451.3,0.9683,0.40804,1.02493,0.97111,0.94508,0.97637,0.71801,0.8746,0.59746,0.95403,0.00862514,0.00862514,0.00862514
57,27886.5,0.96861,0.40623,1.02553,0.97107,0.94332,0.97643,0.7191,0.87388,0.58517,0.9542,0.00860014,0.00860014,0.00860014
58,28332.3,0.96613,0.40614,1.02237,0.97186,0.94371,0.97635,0.71931,0.87375,0.61066,0.95397,0.00857514,0.00857514,0.00857514
59,28764.8,0.96744,0.407,1.02321,0.97189,0.94274,0.97608,0.71934,0.87343,0.6895,0.95408,0.00855015,0.00855015,0.00855015
60,29196.9,0.96696,0.40627,1.02434,0.97227,0.94276,0.97608,0.71916,0.87358,0.68483,0.95398,0.00852515,0.00852515,0.00852515
61,29629.5,0.96835,0.40566,1.0242,0.97226,0.9434,0.97598,0.71913,0.87414,0.73099,0.95395,0.00850015,0.00850015,0.00850015
62,30061.9,0.96588,0.40386,1.02462,0.97209,0.94388,0.9766,0.71979,0.87253,0.64063,0.95345,0.00847515,0.00847515,0.00847515
63,30494.2,0.96106,0.40186,1.02128,0.97128,0.94482,0.97665,0.72015,0.87283,0.62601,0.95384,0.00845015,0.00845015,0.00845015
64,30927.6,0.96676,0.40598,1.02424,0.97219,0.94465,0.9766,0.71967,0.87399,0.60382,0.95378,0.00842516,0.00842516,0.00842516
65,31359.6,0.96131,0.40127,1.0234,0.97138,0.94537,0.97659,0.71997,0.87307,0.60511,0.95328,0.00840016,0.00840016,0.00840016
66,31791.6,0.96287,0.4033,1.02241,0.97157,0.94562,0.97671,0.72003,0.87338,0.59791,0.95367,0.00837516,0.00837516,0.00837516
67,32223.5,0.96244,0.40361,1.02335,0.97146,0.94562,0.97647,0.72014,0.87257,0.6431,0.95313,0.00835016,0.00835016,0.00835016
68,32655.1,0.95957,0.40145,1.02161,0.97179,0.94616,0.97664,0.72045,0.87202,0.63146,0.95275,0.00832517,0.00832517,0.00832517
69,33086.9,0.95938,0.39978,1.02103,0.97156,0.94529,0.97656,0.72069,0.87118,0.68412,0.95257,0.00830017,0.00830017,0.00830017
70,33518.8,0.9566,0.40017,1.01873,0.97204,0.94521,0.97657,0.7212,0.8703,0.64032,0.95203,0.00827517,0.00827517,0.00827517
71,33950.7,0.95876,0.40091,1.02092,0.97192,0.94544,0.97655,0.72141,0.86974,0.62014,0.95179,0.00825018,0.00825018,0.00825018
72,34382.8,0.96466,0.40428,1.02087,0.97239,0.94541,0.97681,0.72165,0.86931,0.64152,0.95165,0.00822518,0.00822518,0.00822518
73,34814.9,0.95543,0.39925,1.01849,0.97125,0.94621,0.97673,0.72167,0.86919,0.63545,0.95155,0.00820018,0.00820018,0.00820018
74,35246.2,0.95233,0.39946,1.01606,0.97203,0.94584,0.97659,0.7216,0.86914,0.6086,0.95126,0.00817518,0.00817518,0.00817518
75,35679,0.94963,0.39792,1.01831,0.97275,0.94524,0.97646,0.7216,0.86929,0.62624,0.95115,0.00815019,0.00815019,0.00815019
76,36133.5,0.94984,0.39806,1.01705,0.97301,0.94503,0.97653,0.72208,0.86822,0.66717,0.95097,0.00812519,0.00812519,0.00812519
77,36565.9,0.95035,0.39837,1.0184,0.97289,0.94488,0.97656,0.72258,0.86752,0.6673,0.95087,0.00810019,0.00810019,0.00810019
78,36998,0.94668,0.39674,1.0188,0.97291,0.94536,0.97656,0.7226,0.86672,0.64319,0.95074,0.00807519,0.00807519,0.00807519
79,37430.2,0.94284,0.39546,1.0146,0.9729,0.94501,0.97681,0.72318,0.86568,0.63038,0.95049,0.00805019,0.00805019,0.00805019
80,37862.8,0.9408,0.39393,1.01519,0.97254,0.94543,0.97693,0.72358,0.86464,0.60997,0.9502,0.0080252,0.0080252,0.0080252
81,38295.4,0.94076,0.39288,1.01539,0.97302,0.94507,0.97706,0.72436,0.8637,0.59457,0.95001,0.0080002,0.0080002,0.0080002
82,38729.5,0.94069,0.39238,1.0144,0.97266,0.94537,0.97715,0.72489,0.86279,0.59641,0.94992,0.0079752,0.0079752,0.0079752
83,39161.8,0.94017,0.39409,1.01416,0.97268,0.94524,0.97715,0.72532,0.86176,0.59439,0.94967,0.00795021,0.00795021,0.00795021
84,39604.1,0.94048,0.39368,1.01465,0.97337,0.94505,0.97736,0.72569,0.86126,0.58889,0.94948,0.00792521,0.00792521,0.00792521
85,40037,0.93616,0.39227,1.01368,0.97315,0.94519,0.97737,0.72593,0.86058,0.58556,0.9493,0.00790021,0.00790021,0.00790021
86,40469,0.93571,0.39134,1.01311,0.97264,0.94564,0.97734,0.7262,0.85994,0.58577,0.94917,0.00787521,0.00787521,0.00787521
87,40901.4,0.93791,0.39126,1.01372,0.97274,0.94585,0.97737,0.72635,0.85927,0.58336,0.94905,0.00785022,0.00785022,0.00785022
88,41338.4,0.93755,0.39111,1.01376,0.97274,0.94578,0.97744,0.7266,0.85877,0.58132,0.94888,0.00782522,0.00782522,0.00782522
89,41771.1,0.93833,0.39074,1.01406,0.97273,0.94559,0.97741,0.72674,0.85838,0.57775,0.94884,0.00780022,0.00780022,0.00780022
90,42203.3,0.93454,0.38919,1.01253,0.97282,0.94557,0.97734,0.72679,0.858,0.57541,0.94874,0.00777522,0.00777522,0.00777522
91,42634.8,0.93666,0.38991,1.01286,0.97308,0.94547,0.97729,0.72689,0.85763,0.57612,0.94869,0.00775023,0.00775023,0.00775023
92,43067.4,0.93462,0.38995,1.01178,0.97341,0.94564,0.97739,0.72692,0.85752,0.57693,0.94869,0.00772523,0.00772523,0.00772523
93,46652.7,0.93294,0.38919,1.01101,0.97323,0.94588,0.97745,0.72711,0.85744,0.57714,0.94877,0.00770023,0.00770023,0.00770023
94,47700.3,0.93327,0.39029,1.00896,0.9725,0.94647,0.9774,0.72699,0.85736,0.57782,0.94878,0.00767523,0.00767523,0.00767523
95,48132.3,0.93155,0.38741,1.01052,0.97282,0.94619,0.97743,0.72706,0.85749,0.57931,0.9488,0.00765024,0.00765024,0.00765024
96,48565.1,0.93623,0.38905,1.0136,0.97325,0.94606,0.97747,0.72712,0.8574,0.57962,0.94876,0.00762524,0.00762524,0.00762524
97,49935.9,0.93281,0.38813,1.01083,0.97337,0.94599,0.97752,0.72722,0.85739,0.579,0.9487,0.00760024,0.00760024,0.00760024
98,50418.7,0.93257,0.38825,1.0102,0.97364,0.94567,0.9775,0.72731,0.85724,0.58077,0.94867,0.00757524,0.00757524,0.00757524
99,50850.2,0.92875,0.3862,1.01119,0.97417,0.94529,0.97754,0.7273,0.85723,0.58076,0.9487,0.00755024,0.00755024,0.00755024
100,51282,0.93099,0.38576,1.01233,0.97409,0.94525,0.97755,0.72708,0.85712,0.5818,0.94875,0.00752525,0.00752525,0.00752525
101,51713.4,0.92965,0.38684,1.01068,0.97427,0.94535,0.97767,0.7271,0.85696,0.58218,0.94874,0.00750025,0.00750025,0.00750025
102,52144.8,0.9301,0.38552,1.0094,0.97413,0.94561,0.97772,0.72726,0.85681,0.5813,0.94872,0.00747525,0.00747525,0.00747525
103,52576.3,0.92898,0.38792,1.01046,0.97417,0.94567,0.97777,0.72729,0.85674,0.58196,0.9486,0.00745026,0.00745026,0.00745026
104,53007.4,0.92703,0.3842,1.00782,0.97396,0.94587,0.97785,0.72744,0.85658,0.57866,0.94859,0.00742526,0.00742526,0.00742526
105,53438.6,0.92352,0.38434,1.00908,0.97413,0.94585,0.97782,0.72753,0.85661,0.57939,0.9486,0.00740026,0.00740026,0.00740026
106,53870,0.92669,0.38316,1.00849,0.97408,0.94606,0.97802,0.72756,0.85657,0.57899,0.94868,0.00737526,0.00737526,0.00737526
107,54301.2,0.92818,0.38358,1.0109,0.97374,0.94614,0.97784,0.72757,0.85646,0.57735,0.94861,0.00735027,0.00735027,0.00735027
108,54734,0.92417,0.38225,1.00813,0.97359,0.9462,0.97792,0.72781,0.85635,0.57791,0.94859,0.00732527,0.00732527,0.00732527
109,55165.4,0.92347,0.38216,1.00799,0.97381,0.94588,0.97786,0.72794,0.85626,0.57759,0.9486,0.00730027,0.00730027,0.00730027
110,55597.2,0.92395,0.38322,1.01079,0.97417,0.94588,0.9779,0.72814,0.85606,0.57893,0.94852,0.00727527,0.00727527,0.00727527
111,56029.4,0.92046,0.38164,1.00609,0.97416,0.94588,0.97795,0.72808,0.85598,0.57833,0.94852,0.00725027,0.00725027,0.00725027
112,56461,0.91818,0.37875,1.00559,0.97432,0.94582,0.97802,0.72835,0.85591,0.57738,0.94853,0.00722528,0.00722528,0.00722528
113,56913.3,0.92452,0.38059,1.00683,0.97438,0.94575,0.97808,0.72848,0.85583,0.57529,0.94851,0.00720028,0.00720028,0.00720028
114,57344.7,0.92369,0.38291,1.00757,0.97424,0.9458,0.97805,0.72852,0.85583,0.57293,0.94853,0.00717528,0.00717528,0.00717528
115,57796.9,0.91919,0.38121,1.00601,0.97422,0.94608,0.9781,0.72858,0.85572,0.57063,0.9485,0.00715029,0.00715029,0.00715029
116,58228.6,0.91656,0.37854,1.00529,0.97415,0.94606,0.97814,0.72862,0.85566,0.56874,0.94848,0.00712529,0.00712529,0.00712529
117,58660,0.91915,0.37981,1.0049,0.97426,0.94623,0.9782,0.72873,0.85566,0.56743,0.94849,0.00710029,0.00710029,0.00710029
118,59091.6,0.91654,0.37807,1.00567,0.97387,0.94675,0.97818,0.72886,0.85572,0.56642,0.94848,0.00707529,0.00707529,0.00707529
119,59531.7,0.91663,0.37725,1.00504,0.97395,0.9467,0.97819,0.72896,0.85558,0.56367,0.94847,0.0070503,0.0070503,0.0070503
120,59964.4,0.91653,0.3775,1.00446,0.97401,0.94672,0.97828,0.72902,0.85551,0.56304,0.94843,0.0070253,0.0070253,0.0070253
121,60396.1,0.91532,0.37804,1.00458,0.97387,0.94682,0.97832,0.72909,0.85552,0.5622,0.94846,0.0070003,0.0070003,0.0070003
122,60827.8,0.9128,0.37545,1.00366,0.97381,0.94681,0.97834,0.72912,0.85543,0.56317,0.94842,0.0069753,0.0069753,0.0069753
123,61258.8,0.91229,0.37609,1.00498,0.97459,0.94617,0.97834,0.72914,0.85537,0.56404,0.94842,0.00695031,0.00695031,0.00695031
124,61690.2,0.91207,0.37543,1.00203,0.97422,0.94647,0.97836,0.72932,0.85526,0.56195,0.94838,0.00692531,0.00692531,0.00692531
125,62125.9,0.91396,0.37617,1.00265,0.97429,0.9464,0.97842,0.7295,0.85516,0.56107,0.94834,0.00690031,0.00690031,0.00690031
126,62557.4,0.91484,0.37747,1.00373,0.97432,0.94632,0.97842,0.72957,0.85497,0.5602,0.9483,0.00687531,0.00687531,0.00687531
127,63086.7,0.91229,0.37585,1.0022,0.97414,0.94632,0.97842,0.72978,0.85501,0.55937,0.94832,0.00685032,0.00685032,0.00685032
128,63518.7,0.90864,0.37461,1.00135,0.97417,0.94645,0.97843,0.72988,0.85481,0.55857,0.94832,0.00682532,0.00682532,0.00682532
129,63960,0.90904,0.37599,1.00034,0.97435,0.94634,0.97835,0.73001,0.8548,0.55758,0.94832,0.00680032,0.00680032,0.00680032
130,64392,0.90635,0.37182,1.00103,0.97423,0.94634,0.97835,0.73008,0.85468,0.55646,0.94829,0.00677532,0.00677532,0.00677532
131,64823.7,0.90908,0.37272,1.00115,0.9742,0.94655,0.97842,0.73018,0.85455,0.5552,0.94827,0.00675033,0.00675033,0.00675033
132,65263.9,0.90746,0.3731,1.00137,0.97416,0.94661,0.97839,0.73023,0.85448,0.55366,0.94824,0.00672533,0.00672533,0.00672533
133,458.813,0.91248,0.37401,1.00185,0.97431,0.94664,0.97847,0.73019,0.8544,0.55368,0.94825,0.00670033,0.00670033,0.00670033
134,893.759,0.91454,0.37796,1.00488,0.97426,0.94655,0.97847,0.73031,0.85428,0.55341,0.94817,0.00667533,0.00667533,0.00667533
135,1327.21,0.91617,0.37716,1.0068,0.97414,0.94675,0.97848,0.73041,0.85424,0.553,0.94814,0.00665034,0.00665034,0.00665034
136,1760.7,0.91832,0.37811,1.0054,0.97411,0.94687,0.97849,0.73036,0.85417,0.55269,0.94815,0.00662534,0.00662534,0.00662534
137,2202.05,0.918,0.37825,1.00356,0.97399,0.94698,0.9785,0.73026,0.85422,0.55269,0.94818,0.00660034,0.00660034,0.00660034
138,3890.01,0.9174,0.37654,1.00685,0.97412,0.94689,0.97851,0.73034,0.85411,0.55292,0.94809,0.00657534,0.00657534,0.00657534
139,4323.75,0.91545,0.37607,1.00391,0.97423,0.94686,0.97852,0.73044,0.8542,0.55315,0.94812,0.00655035,0.00655035,0.00655035
140,4761.19,0.9199,0.37919,1.00433,0.97435,0.94699,0.97856,0.73046,0.85413,0.55298,0.94811,0.00652535,0.00652535,0.00652535
141,5195.29,0.91318,0.37555,1.00291,0.97427,0.9471,0.97852,0.73059,0.85411,0.5526,0.94812,0.00650035,0.00650035,0.00650035
142,5630.36,0.91094,0.37528,1.00162,0.97438,0.94702,0.97858,0.73064,0.85405,0.55256,0.94811,0.00647535,0.00647535,0.00647535
143,6071.2,0.91112,0.37544,1.00392,0.9745,0.94708,0.97861,0.73067,0.85402,0.5517,0.9481,0.00645035,0.00645035,0.00645035
144,6505.35,0.91137,0.37429,1.00338,0.97436,0.94705,0.97859,0.73071,0.85397,0.55149,0.94813,0.00642536,0.00642536,0.00642536
145,7086.52,0.91132,0.37448,1.00419,0.97425,0.94719,0.97862,0.73081,0.85394,0.55124,0.94813,0.00640036,0.00640036,0.00640036
146,7527.21,0.91044,0.37485,1.002,0.97434,0.94725,0.97865,0.7307,0.85387,0.55152,0.94813,0.00637536,0.00637536,0.00637536
147,7960.56,0.90695,0.37249,1.00142,0.97426,0.94723,0.97864,0.73075,0.85381,0.55222,0.9481,0.00635037,0.00635037,0.00635037
148,8394.06,0.91145,0.37446,1.00267,0.97431,0.94708,0.97857,0.73069,0.85384,0.55249,0.94805,0.00632537,0.00632537,0.00632537
149,8944.87,0.91075,0.37442,1.00061,0.97453,0.9469,0.9786,0.73066,0.85393,0.55308,0.94805,0.00630037,0.00630037,0.00630037
150,9377.84,0.90871,0.37517,1.00069,0.97447,0.94696,0.97861,0.73079,0.85401,0.55313,0.94805,0.00627537,0.00627537,0.00627537
151,9811.51,0.90779,0.37641,0.99947,0.97441,0.94704,0.97858,0.73103,0.85396,0.55333,0.94801,0.00625038,0.00625038,0.00625038
152,10245.9,0.90754,0.37248,1.00015,0.97413,0.94733,0.97857,0.731,0.85404,0.55432,0.94806,0.00622538,0.00622538,0.00622538
153,10692,0.90247,0.36966,0.99959,0.97455,0.94706,0.97868,0.731,0.854,0.55453,0.94804,0.00620038,0.00620038,0.00620038
154,11135.5,0.90197,0.36999,0.99888,0.97449,0.94714,0.97868,0.73112,0.85394,0.55452,0.94804,0.00617538,0.00617538,0.00617538
155,11569.3,0.90297,0.36946,1.00027,0.97475,0.94691,0.97867,0.73116,0.85382,0.5547,0.94804,0.00615038,0.00615038,0.00615038
156,12003.4,0.89819,0.36607,0.99849,0.97476,0.94681,0.97863,0.73089,0.85369,0.55486,0.94799,0.00612539,0.00612539,0.00612539
157,12446.7,0.90257,0.3685,0.99808,0.97455,0.94691,0.97869,0.73107,0.8537,0.55539,0.94797,0.00610039,0.00610039,0.00610039
158,12880,0.89987,0.36887,0.99795,0.97445,0.94696,0.97872,0.73114,0.85368,0.55558,0.94794,0.00607539,0.00607539,0.00607539
159,13858.3,0.89673,0.36708,0.99575,0.97433,0.94703,0.97869,0.73108,0.85358,0.55558,0.94793,0.0060504,0.0060504,0.0060504
160,14303.1,0.8968,0.36719,0.99645,0.97437,0.94699,0.97871,0.73136,0.85351,0.55546,0.94791,0.0060254,0.0060254,0.0060254
161,14737.7,0.8987,0.36889,0.99526,0.97446,0.94699,0.97875,0.73139,0.85337,0.55503,0.9479,0.0060004,0.0060004,0.0060004
162,15175.4,0.89714,0.36505,0.99597,0.9744,0.94702,0.97873,0.73137,0.85342,0.55494,0.9479,0.0059754,0.0059754,0.0059754
163,15608.9,0.8999,0.36803,0.99599,0.97453,0.94694,0.97871,0.7313,0.8533,0.55522,0.94787,0.0059504,0.0059504,0.0059504
164,16230,0.89506,0.366,0.99462,0.97452,0.94702,0.97875,0.73136,0.85332,0.55522,0.94791,0.00592541,0.00592541,0.00592541
165,16664,0.89257,0.36241,0.99501,0.97454,0.94711,0.97881,0.73148,0.8532,0.55506,0.94792,0.00590041,0.00590041,0.00590041
166,17098.1,0.89439,0.36485,0.99476,0.9744,0.94715,0.9788,0.73164,0.85315,0.55454,0.94792,0.00587541,0.00587541,0.00587541
167,17531.6,0.89011,0.36281,0.99465,0.97457,0.94714,0.97881,0.73154,0.85298,0.55425,0.94794,0.00585042,0.00585042,0.00585042
168,17965.2,0.89297,0.36252,0.99633,0.9745,0.94723,0.97886,0.73188,0.85301,0.55372,0.94796,0.00582542,0.00582542,0.00582542
169,18398.9,0.89068,0.36215,0.99374,0.97456,0.94727,0.9789,0.73198,0.85299,0.55331,0.94795,0.00580042,0.00580042,0.00580042
170,18832.7,0.89336,0.36278,0.99269,0.97456,0.94723,0.97892,0.73198,0.85298,0.55333,0.94794,0.00577542,0.00577542,0.00577542
171,19265.3,0.88854,0.36151,0.99108,0.97465,0.94727,0.97892,0.73208,0.85308,0.55215,0.94793,0.00575042,0.00575042,0.00575042
172,19698.2,0.88834,0.3603,0.99278,0.97464,0.94738,0.97892,0.73207,0.85309,0.5516,0.94796,0.00572543,0.00572543,0.00572543
173,20131.4,0.88565,0.3593,0.99095,0.97472,0.94727,0.97896,0.73217,0.85303,0.55178,0.94791,0.00570043,0.00570043,0.00570043
174,20563.9,0.88681,0.35987,0.99283,0.97489,0.94717,0.97897,0.73211,0.8531,0.55129,0.94798,0.00567543,0.00567543,0.00567543
175,20996.7,0.88569,0.35921,0.99157,0.97517,0.94711,0.97898,0.73222,0.85321,0.55093,0.94799,0.00565043,0.00565043,0.00565043
176,21428.9,0.88294,0.35874,0.98902,0.9749,0.94714,0.97893,0.7323,0.85312,0.55056,0.94795,0.00562544,0.00562544,0.00562544
177,21873,0.88356,0.3586,0.98923,0.97455,0.94735,0.97893,0.73236,0.85312,0.5504,0.94795,0.00560044,0.00560044,0.00560044
178,22305.4,0.88182,0.35695,0.9901,0.97471,0.94737,0.97894,0.73249,0.85319,0.55036,0.94794,0.00557544,0.00557544,0.00557544
179,22738.1,0.87731,0.35608,0.98804,0.97458,0.94746,0.97898,0.73252,0.85313,0.55058,0.94795,0.00555044,0.00555044,0.00555044
180,23170.7,0.87892,0.35558,0.98875,0.97481,0.94743,0.979,0.73272,0.85305,0.55057,0.94796,0.00552545,0.00552545,0.00552545
181,23603.3,0.88081,0.35707,0.9895,0.97433,0.94779,0.97899,0.73278,0.85305,0.54893,0.94798,0.00550045,0.00550045,0.00550045
182,24035.8,0.87746,0.35392,0.98954,0.97426,0.94772,0.97901,0.73281,0.85293,0.54796,0.94789,0.00547545,0.00547545,0.00547545
183,24468.2,0.87913,0.35598,0.98788,0.97422,0.94784,0.97905,0.7328,0.85292,0.54743,0.94793,0.00545045,0.00545045,0.00545045
184,24900.8,0.87876,0.35537,0.98805,0.9742,0.94798,0.97905,0.73287,0.85289,0.54659,0.94795,0.00542546,0.00542546,0.00542546
185,25336,0.87721,0.35521,0.9864,0.97396,0.94813,0.97906,0.73306,0.85297,0.54605,0.94795,0.00540046,0.00540046,0.00540046
186,25768.2,0.87348,0.35362,0.98705,0.97394,0.94819,0.97906,0.73305,0.85298,0.54558,0.94799,0.00537546,0.00537546,0.00537546
187,26200.9,0.87313,0.35257,0.98503,0.97409,0.94804,0.97912,0.73307,0.853,0.5453,0.94807,0.00535046,0.00535046,0.00535046
188,26633,0.87329,0.35405,0.98524,0.97419,0.94819,0.97915,0.7331,0.853,0.54476,0.94806,0.00532547,0.00532547,0.00532547
189,27067.6,0.87204,0.3527,0.98508,0.97411,0.94831,0.97921,0.73338,0.85297,0.54447,0.94806,0.00530047,0.00530047,0.00530047
190,27520.3,0.86994,0.35363,0.98294,0.97451,0.94835,0.97925,0.73326,0.85307,0.54417,0.94806,0.00527547,0.00527547,0.00527547
191,27953,0.87101,0.35242,0.98337,0.97445,0.94842,0.9793,0.7335,0.85308,0.54345,0.94808,0.00525048,0.00525048,0.00525048
192,28385.4,0.86873,0.35064,0.98279,0.97446,0.94837,0.97934,0.73337,0.85312,0.54308,0.94809,0.00522548,0.00522548,0.00522548
193,28818,0.86999,0.35062,0.98431,0.97459,0.94849,0.97939,0.73344,0.85311,0.54301,0.94808,0.00520048,0.00520048,0.00520048
194,29250.6,0.86492,0.34946,0.98284,0.97452,0.94868,0.97939,0.73359,0.85313,0.54273,0.94814,0.00517548,0.00517548,0.00517548
195,29682.7,0.86347,0.34754,0.9811,0.97468,0.94858,0.97946,0.73367,0.85305,0.54242,0.94819,0.00515049,0.00515049,0.00515049
196,30115.3,0.86457,0.3492,0.9819,0.97457,0.94867,0.97948,0.73362,0.85319,0.542,0.94822,0.00512549,0.00512549,0.00512549
197,30547.8,0.86277,0.34825,0.98142,0.97452,0.94876,0.97949,0.73366,0.8533,0.54182,0.94826,0.00510049,0.00510049,0.00510049
198,30980.3,0.86321,0.34766,0.98095,0.97447,0.94892,0.97946,0.73378,0.85335,0.5415,0.94835,0.00507549,0.00507549,0.00507549
199,31412.5,0.86195,0.34759,0.98104,0.97438,0.94907,0.97949,0.73378,0.85331,0.54116,0.94834,0.0050505,0.0050505,0.0050505
200,31845.1,0.85607,0.34615,0.97876,0.97396,0.94937,0.9795,0.73392,0.85326,0.54057,0.94832,0.0050255,0.0050255,0.0050255
201,32278.4,0.85643,0.34581,0.97835,0.97438,0.94926,0.97949,0.73389,0.85326,0.53995,0.94836,0.0050005,0.0050005,0.0050005
202,32711.4,0.8555,0.34567,0.97678,0.9746,0.94917,0.97953,0.73417,0.85339,0.5397,0.94842,0.0049755,0.0049755,0.0049755
203,33144.6,0.85371,0.34467,0.97774,0.97454,0.94914,0.97957,0.73407,0.85346,0.53925,0.94847,0.00495051,0.00495051,0.00495051
204,33576.1,0.8574,0.34574,0.97701,0.97441,0.94915,0.97949,0.73425,0.85341,0.53813,0.94851,0.00492551,0.00492551,0.00492551
205,34009.3,0.85522,0.34522,0.97681,0.97451,0.94922,0.97957,0.73446,0.85346,0.53674,0.94852,0.00490051,0.00490051,0.00490051
206,34442.4,0.85188,0.34356,0.97415,0.97461,0.94936,0.97961,0.7345,0.85348,0.5358,0.94858,0.00487551,0.00487551,0.00487551
207,34876.3,0.85129,0.34218,0.97579,0.97464,0.94916,0.97958,0.73455,0.85352,0.5354,0.94866,0.00485051,0.00485051,0.00485051
208,35334.2,0.85215,0.34219,0.97533,0.97471,0.94922,0.97963,0.73472,0.85371,0.5339,0.94867,0.00482552,0.00482552,0.00482552
209,35766.5,0.852,0.3426,0.97552,0.97443,0.94919,0.9796,0.73471,0.85373,0.53258,0.9487,0.00480052,0.00480052,0.00480052
210,36198.7,0.85011,0.34185,0.97628,0.97449,0.9493,0.97965,0.73486,0.85375,0.53139,0.94874,0.00477552,0.00477552,0.00477552
211,36631.8,0.84554,0.34001,0.97279,0.97462,0.94908,0.97965,0.73472,0.85387,0.52997,0.9488,0.00475053,0.00475053,0.00475053
212,37064.3,0.84329,0.33804,0.97244,0.97461,0.94922,0.97974,0.73474,0.85388,0.52911,0.94883,0.00472553,0.00472553,0.00472553
213,37496.7,0.84193,0.33791,0.97149,0.97481,0.94911,0.97976,0.73477,0.85388,0.52869,0.94886,0.00470053,0.00470053,0.00470053
214,37932.8,0.84237,0.33823,0.97089,0.97445,0.94966,0.97968,0.73485,0.85388,0.52783,0.94894,0.00467553,0.00467553,0.00467553
215,38364.6,0.84237,0.33888,0.97081,0.97411,0.94992,0.97981,0.73496,0.85394,0.527,0.94901,0.00465053,0.00465053,0.00465053
216,38810.8,0.83935,0.33706,0.96959,0.97423,0.94999,0.9798,0.73506,0.854,0.52581,0.949,0.00462554,0.00462554,0.00462554
217,39242.9,0.83565,0.33605,0.96937,0.97447,0.94979,0.97978,0.73515,0.85395,0.52476,0.94909,0.00460054,0.00460054,0.00460054
218,39675.1,0.83589,0.33501,0.9686,0.97464,0.94995,0.97983,0.73515,0.85385,0.52422,0.94897,0.00457554,0.00457554,0.00457554
219,40107.4,0.83654,0.33591,0.96825,0.9747,0.94983,0.97986,0.73514,0.85399,0.52361,0.94921,0.00455054,0.00455054,0.00455054
220,40545.2,0.83641,0.33547,0.96815,0.97483,0.94987,0.9799,0.73522,0.85398,0.52273,0.94908,0.00452555,0.00452555,0.00452555
221,40977.8,0.83406,0.33543,0.96738,0.97512,0.94977,0.9799,0.73526,0.85413,0.52168,0.9492,0.00450055,0.00450055,0.00450055
222,41410.7,0.83391,0.33534,0.96696,0.975,0.94986,0.97988,0.73519,0.85425,0.52091,0.94921,0.00447555,0.00447555,0.00447555
223,41842.8,0.83085,0.33364,0.96548,0.9751,0.94985,0.97985,0.73529,0.85429,0.52054,0.94926,0.00445055,0.00445055,0.00445055
224,42274.8,0.82982,0.33354,0.96461,0.97487,0.95012,0.97994,0.73538,0.85439,0.52024,0.94932,0.00442556,0.00442556,0.00442556
225,42728.2,0.82892,0.33152,0.96392,0.97498,0.95005,0.97998,0.73566,0.85443,0.51966,0.94942,0.00440056,0.00440056,0.00440056
226,43161.1,0.82635,0.33129,0.96165,0.9748,0.95014,0.98002,0.73569,0.85458,0.51921,0.94952,0.00437556,0.00437556,0.00437556
227,43594,0.82393,0.32957,0.96262,0.97485,0.95005,0.97997,0.73563,0.85474,0.51843,0.94961,0.00435057,0.00435057,0.00435057
228,44027.9,0.82694,0.33067,0.96407,0.97523,0.94999,0.98006,0.73571,0.85477,0.51765,0.9497,0.00432557,0.00432557,0.00432557
229,44920.5,0.82266,0.32936,0.96035,0.97531,0.9499,0.98004,0.73574,0.85479,0.51668,0.94976,0.00430057,0.00430057,0.00430057
230,45355.9,0.82358,0.33179,0.9613,0.97519,0.94987,0.98003,0.73577,0.85477,0.51596,0.94973,0.00427557,0.00427557,0.00427557
231,45788.3,0.82268,0.32915,0.96185,0.9752,0.94985,0.98005,0.73587,0.8549,0.51553,0.94983,0.00425058,0.00425058,0.00425058
232,46221.4,0.81864,0.32801,0.96071,0.9753,0.94973,0.98004,0.7358,0.85498,0.51516,0.94988,0.00422558,0.00422558,0.00422558
233,46654.4,0.81553,0.32683,0.95878,0.97513,0.94994,0.98004,0.73597,0.85506,0.51453,0.94995,0.00420058,0.00420058,0.00420058
234,47088.5,0.81645,0.32703,0.95764,0.97504,0.94991,0.98008,0.73597,0.85507,0.51454,0.95003,0.00417558,0.00417558,0.00417558
235,47522.3,0.81421,0.3272,0.95842,0.97506,0.9497,0.98011,0.73615,0.85515,0.51384,0.95017,0.00415059,0.00415059,0.00415059
236,47956,0.81351,0.32736,0.95578,0.97515,0.94973,0.98009,0.73628,0.85519,0.51272,0.95024,0.00412559,0.00412559,0.00412559
237,48388.7,0.80911,0.32501,0.95545,0.97504,0.94995,0.98009,0.73631,0.8552,0.512,0.95032,0.00410059,0.00410059,0.00410059
238,48821.2,0.81169,0.32521,0.95595,0.97488,0.94986,0.98005,0.73641,0.85531,0.51105,0.95042,0.00407559,0.00407559,0.00407559
239,49253.4,0.80911,0.32427,0.95567,0.9747,0.94998,0.98002,0.73654,0.85533,0.51009,0.95048,0.0040506,0.0040506,0.0040506
240,49687.1,0.80731,0.32413,0.95441,0.97481,0.94999,0.98008,0.73646,0.85541,0.50912,0.95057,0.0040256,0.0040256,0.0040256
241,50119.4,0.80617,0.32427,0.95384,0.97486,0.9501,0.98012,0.73659,0.85546,0.50847,0.95068,0.0040006,0.0040006,0.0040006
242,50552.5,0.80379,0.32245,0.95448,0.97499,0.95001,0.98012,0.73662,0.85558,0.50747,0.95081,0.0039756,0.0039756,0.0039756
243,50986,0.80089,0.32143,0.95077,0.975,0.94984,0.98013,0.73653,0.85571,0.50652,0.9509,0.00395061,0.00395061,0.00395061
244,51419.8,0.79969,0.3213,0.94981,0.97504,0.94989,0.98018,0.7366,0.8558,0.50616,0.951,0.00392561,0.00392561,0.00392561
245,51932.4,0.80112,0.3215,0.95031,0.97471,0.95004,0.98019,0.7365,0.85587,0.50561,0.95108,0.00390061,0.00390061,0.00390061
246,52365.5,0.8003,0.32104,0.95035,0.97479,0.95016,0.98021,0.73664,0.85595,0.50456,0.95116,0.00387561,0.00387561,0.00387561
247,52935.8,0.79866,0.32012,0.95042,0.97493,0.95003,0.98025,0.73678,0.85606,0.50376,0.95129,0.00385061,0.00385061,0.00385061
248,53368.6,0.79272,0.31825,0.94705,0.97502,0.94996,0.98031,0.73677,0.8561,0.50382,0.95139,0.00382562,0.00382562,0.00382562
249,53802,0.79412,0.31957,0.94612,0.97495,0.95003,0.98032,0.73687,0.85611,0.50305,0.9515,0.00380062,0.00380062,0.00380062
250,54234.8,0.7932,0.31987,0.94744,0.97505,0.94991,0.98034,0.73685,0.85619,0.50316,0.95156,0.00377562,0.00377562,0.00377562
251,54669.1,0.7901,0.31857,0.94561,0.97502,0.95021,0.98038,0.73703,0.85624,0.50252,0.95168,0.00375062,0.00375062,0.00375062
252,55111.6,0.79014,0.31866,0.94486,0.97513,0.95007,0.98038,0.73706,0.85633,0.50179,0.9518,0.00372563,0.00372563,0.00372563
253,55551.3,0.78609,0.31619,0.94406,0.97509,0.95014,0.98038,0.73718,0.85647,0.50182,0.95193,0.00370063,0.00370063,0.00370063
254,55985.6,0.78485,0.31498,0.94357,0.97512,0.95011,0.98035,0.73722,0.8566,0.50143,0.95202,0.00367563,0.00367563,0.00367563
255,56419.9,0.78324,0.31467,0.943,0.97519,0.95004,0.98037,0.73718,0.85675,0.50139,0.95214,0.00365063,0.00365063,0.00365063
256,56853.3,0.78429,0.31523,0.9419,0.97531,0.9499,0.98039,0.73722,0.85685,0.50093,0.95226,0.00362564,0.00362564,0.00362564
257,57289.6,0.78122,0.31366,0.94054,0.97534,0.94987,0.98038,0.73716,0.85699,0.50037,0.95239,0.00360064,0.00360064,0.00360064
258,57721.7,0.78182,0.31526,0.94016,0.97547,0.94981,0.98036,0.7372,0.8572,0.5004,0.95255,0.00357564,0.00357564,0.00357564
259,58249.2,0.77852,0.31385,0.93974,0.9752,0.95001,0.98042,0.73729,0.85742,0.49936,0.95269,0.00355064,0.00355064,0.00355064
260,58680.9,0.77518,0.31248,0.93831,0.9754,0.94981,0.98046,0.7373,0.85747,0.49911,0.95285,0.00352565,0.00352565,0.00352565
261,59115.1,0.77261,0.31208,0.93574,0.97561,0.94974,0.98052,0.73739,0.85771,0.49843,0.95303,0.00350065,0.00350065,0.00350065
262,59547.1,0.77185,0.31027,0.93665,0.97532,0.95014,0.98053,0.73734,0.85794,0.49784,0.95319,0.00347565,0.00347565,0.00347565
263,59979.1,0.7715,0.31039,0.93657,0.97544,0.95007,0.98057,0.73738,0.8581,0.49719,0.95334,0.00345065,0.00345065,0.00345065
264,60420,0.77,0.30969,0.93581,0.97581,0.94988,0.9806,0.73739,0.85826,0.49656,0.95354,0.00342566,0.00342566,0.00342566
265,60852.1,0.7696,0.31003,0.93541,0.97576,0.94986,0.98062,0.73737,0.85844,0.49607,0.9537,0.00340066,0.00340066,0.00340066
266,61284.2,0.76642,0.30925,0.9337,0.97576,0.9498,0.98058,0.73745,0.85872,0.49553,0.95385,0.00337566,0.00337566,0.00337566
267,61716.3,0.76351,0.30881,0.93104,0.97575,0.94985,0.98062,0.73732,0.85885,0.49528,0.95401,0.00335066,0.00335066,0.00335066
268,62148.3,0.76412,0.30774,0.93288,0.97561,0.94995,0.98064,0.73744,0.859,0.49474,0.95414,0.00332567,0.00332567,0.00332567
269,62580.7,0.76292,0.3078,0.9314,0.9756,0.95008,0.98062,0.73742,0.85924,0.49423,0.95435,0.00330067,0.00330067,0.00330067
270,63013.1,0.76101,0.30798,0.93024,0.97552,0.95034,0.98067,0.73745,0.85947,0.49356,0.95454,0.00327567,0.00327567,0.00327567
271,63445.3,0.75874,0.30787,0.93109,0.9757,0.95008,0.98063,0.73753,0.85972,0.49355,0.95468,0.00325067,0.00325067,0.00325067
272,63877.1,0.75822,0.30642,0.92977,0.97491,0.95099,0.98067,0.73758,0.86,0.4926,0.9549,0.00322568,0.00322568,0.00322568
273,64309.4,0.75416,0.30425,0.92871,0.97518,0.95087,0.98066,0.73767,0.86017,0.49255,0.95508,0.00320068,0.00320068,0.00320068
274,64743,0.75418,0.30521,0.92756,0.97523,0.9508,0.98065,0.73762,0.86038,0.4917,0.95532,0.00317568,0.00317568,0.00317568
275,65175.1,0.75287,0.30512,0.92701,0.97526,0.95063,0.98065,0.73781,0.86058,0.49089,0.95547,0.00315068,0.00315068,0.00315068
276,65612.2,0.75344,0.30479,0.92812,0.97524,0.95078,0.98071,0.73771,0.86068,0.49001,0.95562,0.00312569,0.00312569,0.00312569
277,66044.6,0.75109,0.30375,0.92743,0.97532,0.95077,0.98067,0.73763,0.86065,0.48968,0.95575,0.00310069,0.00310069,0.00310069
278,66477.5,0.74692,0.30277,0.9249,0.9755,0.95066,0.98065,0.73803,0.86077,0.48872,0.9558,0.00307569,0.00307569,0.00307569
279,66914,0.74869,0.30387,0.92448,0.9755,0.95089,0.98067,0.73778,0.86097,0.48828,0.95598,0.0030507,0.0030507,0.0030507
280,67346.7,0.74625,0.30256,0.92475,0.97568,0.9508,0.98068,0.73806,0.86115,0.48811,0.95616,0.0030257,0.0030257,0.0030257
281,67779.3,0.745,0.30172,0.92417,0.97559,0.95073,0.98067,0.73774,0.86118,0.48715,0.95631,0.0030007,0.0030007,0.0030007
282,68211.6,0.74386,0.30089,0.92399,0.97553,0.95066,0.98064,0.7378,0.86136,0.48629,0.95648,0.0029757,0.0029757,0.0029757
283,68643.9,0.74161,0.30052,0.92309,0.97539,0.95064,0.98068,0.73771,0.86152,0.48527,0.95665,0.00295071,0.00295071,0.00295071
284,69076.8,0.73713,0.29928,0.92145,0.97546,0.95057,0.98066,0.738,0.86173,0.48408,0.95677,0.00292571,0.00292571,0.00292571
285,69509.3,0.73846,0.29945,0.92148,0.97546,0.95057,0.98065,0.738,0.86186,0.48335,0.95697,0.00290071,0.00290071,0.00290071
286,70003.5,0.73704,0.29933,0.91954,0.97552,0.95057,0.98066,0.73784,0.86199,0.48278,0.95715,0.00287571,0.00287571,0.00287571
287,70436,0.73557,0.29874,0.91891,0.97554,0.95068,0.98063,0.7381,0.86207,0.4822,0.95734,0.00285072,0.00285072,0.00285072
288,70868.5,0.73194,0.29756,0.91884,0.97542,0.95071,0.98064,0.73782,0.86231,0.48177,0.95758,0.00282572,0.00282572,0.00282572
289,71301.3,0.73376,0.29838,0.91891,0.97531,0.95089,0.98062,0.73794,0.86259,0.48161,0.95777,0.00280072,0.00280072,0.00280072
290,71733.9,0.73215,0.29802,0.91666,0.97542,0.95068,0.98061,0.73793,0.86274,0.48088,0.95801,0.00277572,0.00277572,0.00277572
291,72176.6,0.72947,0.29714,0.91624,0.97548,0.9507,0.98065,0.73787,0.86288,0.48019,0.9581,0.00275072,0.00275072,0.00275072
292,72621.6,0.72754,0.29634,0.91579,0.97557,0.95076,0.98061,0.73762,0.86303,0.47999,0.9583,0.00272573,0.00272573,0.00272573
293,73054.6,0.72511,0.29513,0.91499,0.97558,0.95081,0.98067,0.7376,0.86319,0.47942,0.9585,0.00270073,0.00270073,0.00270073
294,73488.4,0.72316,0.29415,0.9143,0.97581,0.95055,0.98066,0.73789,0.8633,0.47874,0.95868,0.00267573,0.00267573,0.00267573
295,73922,0.72448,0.2951,0.91427,0.97591,0.95027,0.98069,0.73788,0.86344,0.4792,0.95888,0.00265074,0.00265074,0.00265074
296,74355.7,0.71979,0.29399,0.91239,0.97593,0.95041,0.9807,0.73789,0.86361,0.47926,0.95909,0.00262574,0.00262574,0.00262574
297,74805.8,0.71972,0.29332,0.91282,0.97603,0.9502,0.98073,0.73787,0.86375,0.47862,0.95931,0.00260074,0.00260074,0.00260074
298,75239.1,0.71825,0.29324,0.91115,0.97615,0.95028,0.98071,0.73781,0.86391,0.47822,0.95953,0.00257574,0.00257574,0.00257574
299,75672.6,0.71924,0.29374,0.91063,0.97631,0.95033,0.98081,0.73777,0.8641,0.4781,0.95975,0.00255074,0.00255074,0.00255074
300,76106.1,0.71795,0.29306,0.91071,0.97628,0.95037,0.98081,0.73775,0.86418,0.47756,0.95991,0.00252575,0.00252575,0.00252575
301,76539.8,0.71587,0.29203,0.90983,0.97626,0.95031,0.98079,0.7375,0.86439,0.47706,0.96015,0.00250075,0.00250075,0.00250075
302,76987.2,0.71477,0.29146,0.90938,0.9763,0.95033,0.98079,0.73735,0.8646,0.47663,0.96034,0.00247575,0.00247575,0.00247575
303,77421.1,0.71267,0.29121,0.90913,0.97613,0.95058,0.98081,0.73735,0.86481,0.47619,0.96054,0.00245075,0.00245075,0.00245075
304,77853.7,0.70884,0.29009,0.90735,0.97628,0.95065,0.98085,0.73745,0.86497,0.47622,0.96075,0.00242576,0.00242576,0.00242576
305,78294.2,0.70913,0.28983,0.90792,0.97631,0.95078,0.9808,0.7371,0.86515,0.4761,0.96097,0.00240076,0.00240076,0.00240076
306,78728,0.71096,0.28993,0.90811,0.97638,0.95088,0.98082,0.73707,0.86535,0.47594,0.9612,0.00237576,0.00237576,0.00237576
307,79162.2,0.70591,0.2892,0.90709,0.97619,0.95096,0.98082,0.73717,0.86551,0.47531,0.96144,0.00235076,0.00235076,0.00235076
308,79596.3,0.70558,0.28881,0.90487,0.97632,0.95073,0.98082,0.7373,0.86578,0.47433,0.96165,0.00232577,0.00232577,0.00232577
309,80030,0.70134,0.2869,0.90453,0.9759,0.95095,0.9808,0.73715,0.86603,0.47403,0.96187,0.00230077,0.00230077,0.00230077
310,80464,0.70109,0.28741,0.90287,0.97579,0.95084,0.98071,0.73719,0.86627,0.47433,0.96206,0.00227577,0.00227577,0.00227577
311,80897.7,0.70293,0.2883,0.90474,0.97591,0.95084,0.98077,0.73706,0.86639,0.4738,0.96227,0.00225077,0.00225077,0.00225077
312,81331.6,0.70111,0.28768,0.9044,0.97581,0.95106,0.9808,0.73702,0.86653,0.47345,0.96248,0.00222578,0.00222578,0.00222578
