id,x0,y0,x1,y1,f0,f1,f2,f3,f4,f5,f6,f7,f8,f9,f10,f11,f12,f13,f14,f15,f16,f17,f18,f19,f20,f21,f22,f23,f24,f25,f26,f27,f28,f29,f30,f31,f32,f33,f34,f35,f36,f37,f38,f39,f40,f41,f42,f43,f44,f45,f46,f47,f48,f49,f50,f51,f52,f53,f54,f55,f56,f57,f58,f59,f60,f61,f62,f63,f64,f65,f66,f67,f68,f69,f70,f71,f72,f73,f74,f75,f76,f77,f78,f79,f80,f81,f82,f83,f84,f85,f86,f87,f88,f89,f90,f91,f92,f93,f94,f95,f96,f97,f98,f99,f100,f101,f102,f103,f104,f105,f106,f107,f108,f109,f110,f111,f112,f113,f114,f115,f116,f117,f118,f119,f120,f121,f122,f123,f124,f125,f126,f127
0,421,540,568,686,0.5501937866210938,-0.18764489889144897,0.3455887734889984,1.0350860357284546,-0.23272787034511566,-0.17143794894218445,0.27753931283950806,-0.13155341148376465,-0.16621237993240356,-0.21701520681381226,0.2927705645561218,-0.2464868575334549,-0.06674494594335556,0.1550094038248062,0.2126205861568451,-0.1966795176267624,-0.1989394575357437,-0.06931911408901215,-0.0454445481300354,-0.20409350097179413,0.6182805895805359,-0.04776489734649658,0.8566096425056458,0.002443003701046109,0.10417373478412628,-0.0022756538819521666,-0.14619186520576477,-0.12809546291828156,0.2731768488883972,0.15402963757514954,-0.025852147489786148,-0.23659825325012207,-0.16300562024116516,0.18159788846969604,-0.13021358847618103,-0.2126593440771103,-0.2140105664730072,0.26768171787261963,-0.24044808745384216,0.16803428530693054,-0.24605156481266022,-0.18315546214580536,0.27777963876724243,0.19756557047367096,0.11412020027637482,-0.20134834945201874,-0.21430592238903046,0.44346746802330017,0.32746389508247375,0.5714482665061951,0.05059589073061943,-0.05333494767546654,0.3536572754383087,-0.23026584088802338,0.0519661046564579,0.15768343210220337,-0.26482754945755005,-0.034900911152362823,0.5693830251693726,-0.14193086326122284,0.22295956313610077,0.3280281126499176,-0.20806987583637238,-0.14193356037139893,0.24347738921642303,0.11095409095287323,-0.15613925457000732,0.6921874284744263,0.023616544902324677,0.6912529468536377,0.4699234366416931,-0.10353919863700867,0.09238118678331375,0.24365651607513428,-0.17814551293849945,0.07668802887201309,0.20263756811618805,-0.13851486146450043,-0.17392969131469727,-0.19250355660915375,0.18802683055400848,-0.17237631976604462,-0.257760226726532,0.09839025884866714,-0.011336841620504856,0.6776813864707947,-0.19713149964809418,-0.1956293135881424,0.018915297463536263,-0.2363923192024231,-0.19721661508083344,0.3710114359855652,0.24864119291305542,-0.24927428364753723,-0.22933363914489746,-0.15621109306812286,-0.2185872197151184,-0.17378206551074982,-0.14252328872680664,0.17912361025810242,-0.1533447951078415,0.12807029485702515,-0.08953718841075897,1.1131495237350464,-0.05898444727063179,0.20186294615268707,0.1173974871635437,0.11490856856107712,0.03623570129275322,-0.17776614427566528,0.20215679705142975,-0.18546713888645172,-0.14783714711666107,-0.16421003639698029,0.5305874347686768,-0.16547127068042755,0.7335224747657776,-0.25758981704711914,-0.26554200053215027,-0.08112558722496033,-0.13047876954078674,0.08658009767532349,-0.044302862137556076,0.11720206588506699,-0.13152453303337097,0.5373572111129761,-0.1313314288854599,-0.18995876610279083
1,241,764,398,921,0.6003469824790955,-0.20136316120624542,0.24493391811847687,1.0119587182998657,-0.23840396106243134,-0.1945909559726715,0.23836639523506165,-0.12453487515449524,-0.15878526866436005,-0.21079036593437195,0.33286628127098083,-0.26211386919021606,-0.029010606929659843,0.045865271240472794,0.1279110610485077,-0.18242444097995758,-0.23438119888305664,-0.09222669154405594,-0.2067764550447464,-0.1865023821592331,0.4384380877017975,-0.06718131899833679,0.7716180086135864,0.04610581696033478,0.03449612110853195,-0.06085169315338135,-0.16788922250270844,-0.1551833301782608,0.2596285343170166,0.1715594083070755,-0.0038417247124016285,-0.2330586165189743,-0.15950828790664673,0.15160982310771942,-0.14809533953666687,-0.23219019174575806,-0.22264035046100616,0.3407194912433624,-0.2588207721710205,0.18561656773090363,-0.25247037410736084,-0.1907588541507721,0.14796720445156097,0.10711868852376938,0.07294225692749023,-0.19587330520153046,-0.2074548304080963,0.4680287539958954,0.2004716396331787,0.43186718225479126,0.050013985484838486,-0.0982503667473793,0.29349714517593384,-0.23266325891017914,0.03322463110089302,0.0364791639149189,-0.2584556043148041,-0.0991542711853981,0.45866644382476807,-0.1809048354625702,0.18631263077259064,0.3314523696899414,-0.20309247076511383,-0.16630397737026215,0.17815276980400085,0.05088576301932335,-0.1985129863023758,0.6684382557868958,0.04992910847067833,0.6120557188987732,0.551961362361908,-0.12600064277648926,0.04916536808013916,0.23170378804206848,-0.17483386397361755,0.027878288179636,0.1257598102092743,-0.15612871944904327,-0.1916223168373108,-0.17693445086479187,0.17611123621463776,-0.20040403306484222,-0.24266929924488068,0.025507034733891487,-0.045125771313905716,0.6079996824264526,-0.20326539874076843,-0.20033584535121918,0.06799031794071198,-0.22259585559368134,-0.2338215559720993,0.3146042823791504,0.30130088329315186,-0.24283742904663086,-0.2301105111837387,-0.17396534979343414,-0.22318871319293976,-0.10128825902938843,-0.17731910943984985,0.1883862316608429,-0.14648491144180298,0.19680561125278473,-0.12904343008995056,0.9820759892463684,-0.1394638568162918,0.1886875182390213,0.0516204796731472,0.04272611439228058,0.030857393518090248,-0.1295098513364792,0.1484215259552002,-0.1907740980386734,-0.17024117708206177,-0.15281176567077637,0.5300295352935791,-0.18295049667358398,0.7088921666145325,-0.23900869488716125,-0.26623621582984924,-0.07656576484441757,-0.12338009476661682,0.1581416130065918,-0.0660790428519249,0.07487376779317856,-0.10489002615213394,0.388995498418808,-0.12854589521884918,-0.19777676463127136
2,1525,712,1689,876,0.549701452255249,-0.1686253547668457,0.27921953797340393,1.0329378843307495,-0.127826526761055,-0.20622920989990234,0.1906416267156601,-0.07045365869998932,-0.17001965641975403,-0.20923691987991333,0.27556902170181274,-0.24494275450706482,-0.01113562099635601,0.09065379202365875,0.14934729039669037,-0.18673375248908997,-0.1714349091053009,-0.08828084915876389,-0.19508203864097595,-0.21229609847068787,0.5984059572219849,-0.05937415361404419,0.8258970379829407,-0.07898975163698196,0.08330141007900238,-0.05374790355563164,-0.17542383074760437,-0.10349304229021072,0.24607691168785095,0.21102213859558105,0.0387178510427475,-0.2574003040790558,-0.17446817457675934,0.11854305863380432,-0.1389240175485611,-0.21292127668857574,-0.21044686436653137,0.291640967130661,-0.24181511998176575,0.07474586367607117,-0.2367899864912033,-0.16521820425987244,0.15303917229175568,0.09746731072664261,0.06347353011369705,-0.17825187742710114,-0.11039577424526215,0.4441811442375183,0.1718176007270813,0.42353010177612305,0.034218091517686844,-0.11327175050973892,0.3156909942626953,-0.2337828129529953,0.08749889582395554,0.23198455572128296,-0.2603086233139038,-0.10671171545982361,0.5635026693344116,-0.1841948926448822,0.13967369496822357,0.35525640845298767,-0.2198060005903244,-0.16468611359596252,0.0984664186835289,0.04639593884348869,-0.21107621490955353,0.6548312902450562,-0.03707294166088104,0.555181622505188,0.4164615869522095,-0.12245076149702072,0.045892488211393356,0.3522108197212219,-0.1649027168750763,0.0484895259141922,0.11967688798904419,-0.10449357330799103,-0.1519010365009308,-0.018728574737906456,0.15594491362571716,-0.13601769506931305,-0.2490873783826828,0.016904527321457863,0.013397756032645702,0.6795775890350342,-0.12455035746097565,-0.20741987228393555,0.06722024828195572,-0.1612558662891388,-0.2145405262708664,0.2914106547832489,0.443698525428772,-0.24729974567890167,-0.22610192000865936,-0.15118402242660522,-0.21148641407489777,-0.0488179475069046,-0.15808914601802826,0.1587170511484146,-0.16974323987960815,0.17824426293373108,-0.15970338881015778,1.0222846269607544,-0.08231557905673981,0.1524091511964798,0.08321399241685867,0.06977779418230057,0.0892094224691391,-0.14071230590343475,0.10142280161380768,-0.13867639005184174,-0.21406345069408417,-0.1826099008321762,0.5682430267333984,-0.16403326392173767,0.6883050799369812,-0.2525544762611389,-0.25612595677375793,-0.0806807428598404,-0.1301431506872177,0.1419389843940735,-0.07141388207674026,0.029059918597340584,-0.11710641533136368,0.39337703585624695,-0.189846470952034,-0.19618691504001617
3,581,354,751,523,0.6525591611862183,-0.18887515366077423,0.2651323974132538,1.0261850357055664,-0.20185843110084534,-0.20426425337791443,0.24967575073242188,-0.09053004533052444,-0.12999089062213898,-0.21846918761730194,0.2734975516796112,-0.22716881334781647,-0.06665937602519989,0.07597634196281433,0.19553448259830475,-0.1897023618221283,-0.16627465188503265,-0.09704136848449707,-0.16025400161743164,-0.20737269520759583,0.824996292591095,-0.08209693431854248,0.8866204619407654,-0.08661894500255585,-0.009267325513064861,0.015407737344503403,-0.20382100343704224,-0.1634361892938614,0.40242964029312134,0.19371159374713898,0.04712122306227684,-0.24529318511486053,-0.1819993555545807,0.11703666299581528,-0.130427747964859,-0.17139169573783875,-0.2139662802219391,0.21284328401088715,-0.21770638227462769,0.016525546088814735,-0.2449430525302887,-0.16852976381778717,0.1215520054101944,0.13013263046741486,0.06530777364969254,-0.18730872869491577,-0.14596156775951385,0.5126586556434631,0.16638466715812683,0.472604364156723,-0.01578456535935402,-0.055782318115234375,0.3762766718864441,-0.23929934203624725,0.08324386179447174,0.18560682237148285,-0.24840903282165527,-0.05623134225606918,0.6023641228675842,-0.1895577311515808,0.22932326793670654,0.2880321741104126,-0.20977681875228882,-0.12636496126651764,0.09586109220981598,0.057658832520246506,-0.16967998445034027,0.640688955783844,-0.05142579600214958,0.5969391465187073,0.36905771493911743,-0.11128996312618256,0.10002011805772781,0.40093743801116943,-0.1647883653640747,0.05502045899629593,0.26356998085975647,-0.06478600203990936,-0.11897584050893784,-0.1603480577468872,0.11991516500711441,-0.1587619036436081,-0.25815585255622864,0.0036465537268668413,0.03324952349066734,0.7146047353744507,-0.11541813611984253,-0.18697847425937653,-0.02852587215602398,-0.21569620072841644,-0.19221489131450653,0.235355943441391,0.499737948179245,-0.2446158230304718,-0.24334147572517395,-0.13485926389694214,-0.21447381377220154,-0.13205574452877045,-0.16714757680892944,0.1723138689994812,-0.18450705707073212,0.07961907237768173,-0.18063412606716156,1.0032434463500977,-0.021746162325143814,0.1699504852294922,0.04036052152514458,0.10604814440011978,0.07437312602996826,-0.16441388428211212,0.21334388852119446,-0.12934859097003937,-0.20690582692623138,-0.17880697548389435,0.6045482158660889,-0.15040656924247742,0.7874144315719604,-0.24070754647254944,-0.25907278060913086,-0.08512675762176514,-0.13922019302845,0.1481522172689438,-0.048546839505434036,0.03270721063017845,-0.13563698530197144,0.40130338072776794,-0.1897679567337036,-0.20602336525917053
4,1038,835,1210,1006,0.5887300372123718,-0.16793830692768097,0.2942734956741333,1.0257848501205444,-0.13326148688793182,-0.21109341084957123,0.1429017335176468,-0.06942401081323624,-0.13730458915233612,-0.22387637197971344,0.30642372369766235,-0.2229180634021759,-0.007153993938118219,0.06997543573379517,0.12903419137001038,-0.18140442669391632,-0.19590385258197784,-0.09985395520925522,-0.21552032232284546,-0.2067747712135315,0.6653072237968445,-0.05417143553495407,0.8615326285362244,-0.08349638432264328,0.014348630793392658,-0.0397258922457695,-0.1922917664051056,-0.16310900449752808,0.33762213587760925,0.2235933393239975,0.033587366342544556,-0.2457420974969864,-0.18708549439907074,0.08762363344430923,-0.14266137778759003,-0.1798345148563385,-0.2106594443321228,0.2515222430229187,-0.24071061611175537,0.02784864790737629,-0.2413044273853302,-0.16145728528499603,0.10443858802318573,0.12190791964530945,0.03390277922153473,-0.17785897850990295,-0.11438857764005661,0.5191456079483032,0.11582022160291672,0.4272324740886688,0.005801183637231588,-0.09999934583902359,0.3291480243206024,-0.2278779000043869,0.06785199791193008,0.11414099484682083,-0.25066614151000977,-0.10050923377275467,0.5318431258201599,-0.18066838383674622,0.14717915654182434,0.3536188006401062,-0.19758053123950958,-0.11191223561763763,0.08488582074642181,0.010251307860016823,-0.2115311473608017,0.6318222284317017,-0.029423046857118607,0.5843256115913391,0.44682368636131287,-0.1158251240849495,0.0619388185441494,0.34021198749542236,-0.1651136726140976,0.021956916898489,0.17802214622497559,-0.0934324860572815,-0.12238103151321411,-0.10492945462465286,0.12090222537517548,-0.14982149004936218,-0.2642174959182739,-0.005411062855273485,-0.03462442010641098,0.6847216486930847,-0.11348988860845566,-0.1991027295589447,0.03272333741188049,-0.18879009783267975,-0.20964209735393524,0.25465157628059387,0.49277132749557495,-0.24556422233581543,-0.23079632222652435,-0.14988872408866882,-0.21968241035938263,-0.10151638835668564,-0.17478704452514648,0.17118386924266815,-0.1835029125213623,0.13525794446468353,-0.1507432609796524,0.9345924258232117,-0.07415091246366501,0.17169061303138733,0.03965924680233002,0.05979915335774422,0.10381431877613068,-0.15635690093040466,0.13974100351333618,-0.12387337535619736,-0.2127188742160797,-0.18110892176628113,0.5519996881484985,-0.15798825025558472,0.6664461493492126,-0.2537202835083008,-0.25947099924087524,-0.08013631403446198,-0.14444074034690857,0.14491373300552368,-0.05839419737458229,0.02130517177283764,-0.1259944587945938,0.2801847457885742,-0.1846502423286438,-0.20350776612758636
5,610,1012,764,1165,0.6349461078643799,-0.1825898289680481,0.3215390741825104,1.020939826965332,-0.1704959124326706,-0.2264942079782486,0.18321025371551514,-0.10560328513383865,-0.1680939793586731,-0.21330256760120392,0.31139230728149414,-0.24634361267089844,-0.05742701515555382,0.06901010870933533,0.16712795197963715,-0.18538513779640198,-0.2032492756843567,-0.05472143739461899,-0.1819915473461151,-0.19854409992694855,0.58286052942276,-0.06989947706460953,0.9244770407676697,-0.05894757807254791,0.024305934086441994,-0.038023803383111954,-0.19023317098617554,-0.15760840475559235,0.3718079924583435,0.23752461373806,0.021243346855044365,-0.24707037210464478,-0.1661962866783142,0.10335011780261993,-0.14787158370018005,-0.19796133041381836,-0.2159651666879654,0.34381547570228577,-0.22467772662639618,0.08124762028455734,-0.241775780916214,-0.17347846925258636,0.15758547186851501,0.17633353173732758,0.0639539510011673,-0.17488008737564087,-0.14489753544330597,0.5134311318397522,0.12338360399007797,0.5148247480392456,-0.013624440878629684,-0.07959432899951935,0.3974466323852539,-0.2311427891254425,0.11247354000806808,0.05960804969072342,-0.23974519968032837,-0.08465061336755753,0.5566620826721191,-0.18760903179645538,0.1889370083808899,0.31121397018432617,-0.1960621476173401,-0.09709323197603226,0.10422851145267487,0.10262218862771988,-0.1935136914253235,0.6046766638755798,-0.025824496522545815,0.5530334115028381,0.44311678409576416,-0.13235540688037872,0.08242858946323395,0.282156378030777,-0.17321009933948517,0.030361520126461983,0.17075906693935394,-0.11609898507595062,-0.15234635770320892,0.011572811752557755,0.14514467120170593,-0.1874174028635025,-0.25864377617836,0.04842522367835045,-0.023196132853627205,0.624115526676178,-0.1400233805179596,-0.187927708029747,0.07599642872810364,-0.19777648150920868,-0.2282160073518753,0.2490871250629425,0.5147560834884644,-0.24628035724163055,-0.20622800290584564,-0.16733776032924652,-0.2119520753622055,-0.10895313322544098,-0.17440325021743774,0.17604771256446838,-0.1572474092245102,0.1117495596408844,-0.1560729444026947,0.8824753165245056,-0.06234852597117424,0.13813342154026031,0.049066271632909775,0.1341940313577652,0.09745349735021591,-0.15550528466701508,0.13581816852092743,-0.15620481967926025,-0.19533830881118774,-0.1646175980567932,0.5912039279937744,-0.1652994453907013,0.7599595189094543,-0.220563143491745,-0.25634104013442993,-0.08363417536020279,-0.13136082887649536,0.1704476922750473,-0.032277338206768036,0.030764486640691757,-0.11775284260511398,0.3722440004348755,-0.16557225584983826,-0.20313142240047455
6,425,1424,609,1609,0.6586918830871582,-0.17395052313804626,0.2606712877750397,1.0290762186050415,-0.20328734815120697,-0.193828746676445,0.13582967221736908,-0.07984361052513123,-0.1358812153339386,-0.20428870618343353,0.2289007157087326,-0.21856829524040222,-0.020417403429746628,0.0643436387181282,0.20938287675380707,-0.1757325828075409,-0.20758822560310364,-0.05061526224017143,-0.19905923306941986,-0.1872899979352951,0.6815332770347595,-0.05336269363760948,0.8649724721908569,-0.08347716182470322,-0.005165333393961191,-0.0043136440217494965,-0.18840643763542175,-0.16737046837806702,0.3655955195426941,0.26696914434432983,0.0628979504108429,-0.25100699067115784,-0.16751253604888916,0.09848833829164505,-0.13784687221050262,-0.16635477542877197,-0.2114710807800293,0.24071121215820312,-0.22412852942943573,0.009926265105605125,-0.24400128424167633,-0.16358597576618195,0.11388851702213287,0.11669337749481201,0.09670620411634445,-0.17627131938934326,-0.11508087068796158,0.4706927537918091,0.13944704830646515,0.4004451036453247,0.003508688183501363,-0.05011819303035736,0.39167091250419617,-0.22974421083927155,0.09843414276838303,0.07153970003128052,-0.23412933945655823,-0.03233195096254349,0.5855450630187988,-0.19704285264015198,0.18137642741203308,0.3692736327648163,-0.1898190975189209,-0.1260603815317154,0.08627191931009293,0.035606905817985535,-0.16034723818302155,0.5799760222434998,-0.05411556363105774,0.5369835495948792,0.4256959855556488,-0.12470614910125732,0.10165809839963913,0.3885343372821808,-0.15144763886928558,0.019228870049118996,0.20840726792812347,-0.08088649064302444,-0.1364949494600296,-0.1106962189078331,0.12350283563137054,-0.16711322963237762,-0.26215553283691406,0.01805853843688965,0.0319620817899704,0.6734688878059387,-0.07040395587682724,-0.1900290697813034,-0.007368092425167561,-0.2151595503091812,-0.19063396751880646,0.2206941694021225,0.5280716419219971,-0.24757106602191925,-0.2306290864944458,-0.15139193832874298,-0.2112567275762558,-0.11154786497354507,-0.16333647072315216,0.16721028089523315,-0.17155717313289642,0.17323163151741028,-0.17693723738193512,0.9090424180030823,-0.05922538787126541,0.20410285890102386,0.055330730974674225,0.13667722046375275,0.061628345400094986,-0.13445624709129333,0.15185002982616425,-0.129683256149292,-0.21976301074028015,-0.17899519205093384,0.6052715182304382,-0.1576475203037262,0.7142429351806641,-0.23013931512832642,-0.25393807888031006,-0.08553606271743774,-0.13500092923641205,0.1935693323612213,-0.06512274593114853,0.020273340865969658,-0.11108911037445068,0.34105128049850464,-0.18139401078224182,-0.198703795671463
7,731,481,843,593,0.5705294609069824,-0.17078326642513275,0.24942255020141602,1.016856074333191,-0.19037634134292603,-0.17676933109760284,0.35856080055236816,-0.1246652603149414,-0.12792232632637024,-0.25836917757987976,0.2953926622867584,-0.237172469496727,-0.1152130737900734,0.08404099196195602,0.25847482681274414,-0.23626326024532318,-0.053763605654239655,-0.13286559283733368,0.28020045161247253,-0.22948451340198517,1.401717185974121,-0.1698525846004486,0.8757930994033813,-0.09004578739404678,-0.05608179792761803,0.07675547152757645,-0.22276301681995392,-0.08888965100049973,0.4351242482662201,0.2590010464191437,-0.014881148934364319,-0.2418045997619629,-0.22571542859077454,0.14871835708618164,-0.0904078558087349,-0.19738978147506714,-0.22300198674201965,0.2165745347738266,-0.2049083262681961,0.02011394314467907,-0.2402106374502182,-0.18252278864383698,0.06879302114248276,0.2073667347431183,0.14286521077156067,-0.226399764418602,-0.22182153165340424,0.46336713433265686,0.2774471938610077,0.8302759528160095,0.005585927050560713,-0.07409581542015076,0.4970792233943939,-0.26598963141441345,0.022056369110941887,0.606200635433197,-0.25547853112220764,-0.019954023882746696,0.6912930011749268,-0.19823186099529266,0.418801873922348,0.2563060522079468,-0.23383164405822754,-0.159656822681427,0.054292839020490646,0.05043601989746094,-0.11551356315612793,0.5386674404144287,-0.054250407963991165,0.8495401740074158,0.2196366786956787,-0.06106055900454521,0.12741319835186005,0.6956619620323181,-0.19928975403308868,0.22443556785583496,0.3250173032283783,0.012351657263934612,-0.09647081047296524,-0.21828602254390717,0.09394438564777374,-0.13280661404132843,-0.2655259072780609,0.3123036026954651,0.05321141704916954,0.5501219630241394,-0.22782841324806213,-0.1968630850315094,-0.05013151094317436,-0.2566307485103607,-0.181854709982872,0.28109484910964966,0.2605370581150055,-0.23841293156147003,-0.24569983780384064,-0.05045437812805176,-0.23270706832408905,-0.1546029895544052,-0.156965970993042,0.17946957051753998,-0.2076239138841629,-0.00363771035335958,-0.21582606434822083,1.2096446752548218,0.22471360862255096,0.08096412569284439,0.11088120192289352,0.3186187446117401,-0.0037717611994594336,-0.20395174622535706,0.3054374158382416,-0.14106734097003937,-0.2273540496826172,-0.2223220318555832,0.6689667105674744,-0.10980620235204697,1.112065315246582,-0.23988135159015656,-0.25893691182136536,-0.1109536662697792,-0.16157293319702148,-0.007391573395580053,0.05562179163098335,0.17413035035133362,-0.1724550724029541,0.7497129440307617,-0.17246580123901367,-0.21176636219024658
8,882,462,1091,671,0.6444975733757019,-0.15766310691833496,0.22467833757400513,1.02010977268219,-0.09618985652923584,-0.17620813846588135,0.13858962059020996,-0.06018788740038872,-0.1137697845697403,-0.19658780097961426,0.16360260546207428,-0.14326830208301544,-0.04911398887634277,0.06788308918476105,0.18293343484401703,-0.1629416048526764,-0.1593603789806366,-0.05250159651041031,-0.16387075185775757,-0.20323947072029114,0.778318464756012,-0.04260919243097305,0.8143746852874756,-0.11300830543041229,-0.03327377885580063,-0.03196602687239647,-0.19772988557815552,-0.15192556381225586,0.2996915280818939,0.238304004073143,0.03724126145243645,-0.2518875300884247,-0.1752808839082718,0.06712129712104797,-0.12197670340538025,-0.1469535380601883,-0.20869912207126617,0.16718177497386932,-0.177704319357872,-0.03488936275243759,-0.23495285212993622,-0.15590006113052368,0.10675280541181564,0.0352250337600708,0.16896505653858185,-0.16606977581977844,-0.09222662448883057,0.4674205780029297,0.14996299147605896,0.4122118055820465,0.05544225126504898,-0.04484746232628822,0.24971941113471985,-0.23603549599647522,0.1301804482936859,0.18266136944293976,-0.2384096086025238,0.005835795775055885,0.6069950461387634,-0.1905333548784256,0.2754805386066437,0.3859119415283203,-0.19361335039138794,-0.10953011363744736,0.0424877293407917,0.03236297890543938,-0.14941662549972534,0.49120619893074036,-0.07607736438512802,0.6189590096473694,0.3640877604484558,-0.1186685636639595,0.11979322135448456,0.6718175411224365,-0.12333369255065918,-0.0019356794655323029,0.22072143852710724,-0.07409504055976868,-0.13067269325256348,-0.09658434987068176,0.07667718827724457,-0.13942250609397888,-0.25174224376678467,-0.023548007011413574,0.13218870759010315,0.7320123910903931,0.018877342343330383,-0.17484687268733978,0.02333720400929451,-0.21453309059143066,-0.21212978661060333,0.22134310007095337,0.6308410167694092,-0.2421407401561737,-0.23388227820396423,-0.10897612571716309,-0.21321001648902893,-0.023286961019039154,-0.17225779592990875,0.16827088594436646,-0.20206111669540405,0.1274126172065735,-0.18286827206611633,0.9967126846313477,-0.06611676514148712,0.12566009163856506,0.07443232834339142,0.18375656008720398,0.06376855075359344,-0.10444948077201843,0.1587657332420349,-0.09884091466665268,-0.22687377035617828,-0.17794635891914368,0.6736728549003601,-0.1355724036693573,0.7227222919464111,-0.23422987759113312,-0.24774062633514404,-0.04273322969675064,-0.1362432837486267,0.1935657262802124,-0.03171130269765854,0.014613544568419456,-0.12394823879003525,0.33850738406181335,-0.22975760698318481,-0.2082984745502472
9,1066,1106,1225,1263,0.6899206638336182,-0.17581020295619965,0.2757277190685272,1.036889910697937,-0.13196726143360138,-0.21222753822803497,0.24464455246925354,-0.050892509520053864,-0.14945726096630096,-0.23262529075145721,0.2212681621313095,-0.23146921396255493,-0.04516766965389252,0.11726480722427368,0.18412941694259644,-0.19221718609333038,-0.1622803509235382,-0.06902465969324112,-0.14141806960105896,-0.18725283443927765,0.8914304375648499,-0.08694032579660416,0.8902577757835388,-0.10741399973630905,-0.005439504981040955,0.05210068076848984,-0.20490923523902893,-0.15581244230270386,0.38248804211616516,0.21862925589084625,0.08329394459724426,-0.2455398291349411,-0.1983923316001892,0.11108847707509995,-0.12479458004236221,-0.16368575394153595,-0.20621737837791443,0.21937549114227295,-0.21280816197395325,-0.0187671035528183,-0.24540464580059052,-0.1571323126554489,0.12129149585962296,0.16176289319992065,0.07947400957345963,-0.17671148478984833,-0.13739009201526642,0.45718055963516235,0.16670121252536774,0.4693157374858856,0.020980926230549812,-0.05996208265423775,0.40465155243873596,-0.24479752779006958,0.07271758466959,0.3141349256038666,-0.24803277850151062,-0.03922926262021065,0.6585553288459778,-0.1741163283586502,0.1694951355457306,0.2926015853881836,-0.20971262454986572,-0.12483592331409454,0.11035291105508804,0.043254122138023376,-0.17821957170963287,0.7043133974075317,-0.0936894491314888,0.6205073595046997,0.35494643449783325,-0.09309590607881546,0.0927731990814209,0.3782847821712494,-0.16210366785526276,0.09984986484050751,0.299735963344574,-0.027904724702239037,-0.1340189278125763,-0.11033265292644501,0.12432070821523666,-0.13355594873428345,-0.24759896099567413,0.01006265264004469,0.040330175310373306,0.6568601727485657,-0.16012965142726898,-0.1859579235315323,-0.031191715970635414,-0.21678780019283295,-0.17496930062770844,0.24377404153347015,0.4857587516307831,-0.24688804149627686,-0.2416616827249527,-0.1261095255613327,-0.21405969560146332,-0.13882124423980713,-0.1648058146238327,0.15440717339515686,-0.1929333359003067,0.12268156558275223,-0.172779843211174,0.9775667786598206,0.04163479059934616,0.14607901871204376,0.024586310610175133,0.08083967864513397,0.05425494536757469,-0.15738065540790558,0.26763078570365906,-0.09725689142942429,-0.21842364966869354,-0.19211667776107788,0.61322021484375,-0.13505788147449493,0.7570708990097046,-0.2449234127998352,-0.25812283158302307,-0.08945974707603455,-0.1486266553401947,0.10034602135419846,-0.05629574507474899,0.0337061882019043,-0.13922250270843506,0.3630833327770233,-0.19220122694969177,-0.20383670926094055
10,1080,335,1261,514,0.6012046337127686,-0.18813495337963104,0.2565675377845764,1.0085169076919556,-0.16892865300178528,-0.18753010034561157,0.17036084830760956,-0.08852294087409973,-0.11159621179103851,-0.20576509833335876,0.20712408423423767,-0.22547253966331482,-0.09777676314115524,0.07981687784194946,0.222357839345932,-0.17457327246665955,-0.162429541349411,-0.008708403445780277,-0.08742640912532806,-0.2131938487291336,0.9439166784286499,-0.09080623835325241,0.7730517387390137,-0.11676535755395889,-0.03918210789561272,-0.010354584082961082,-0.21355018019676208,-0.1434887945652008,0.3148347735404968,0.22222359478473663,-0.005498749669641256,-0.24455440044403076,-0.1923893839120865,0.06256739050149918,-0.10528818517923355,-0.18245229125022888,-0.21962974965572357,0.16756431758403778,-0.18947476148605347,0.04639698937535286,-0.24032004177570343,-0.17210368812084198,0.16375695168972015,0.03021503984928131,0.16994549334049225,-0.19811896979808807,-0.1348116099834442,0.4508584439754486,0.21070162951946259,0.4880920946598053,0.04586932063102722,-0.027780836448073387,0.22658246755599976,-0.2524218261241913,0.14630167186260223,0.12805721163749695,-0.2433590292930603,-0.0005600549629889429,0.5748514533042908,-0.20475605130195618,0.34317582845687866,0.30265897512435913,-0.21602575480937958,-0.09263032674789429,0.05561680719256401,0.06505778431892395,-0.16296643018722534,0.47296231985092163,-0.05871528387069702,0.7676613926887512,0.2769630253314972,-0.14675785601139069,0.17497242987155914,0.6266470551490784,-0.1586928367614746,0.01580374501645565,0.25517645478248596,-0.0604078508913517,-0.12181908637285233,-0.12550191581249237,0.14244404435157776,-0.13556332886219025,-0.24990279972553253,0.05151478201150894,0.12751504778862,0.6526167392730713,-0.054505832493305206,-0.17867450416088104,0.0012277236673980951,-0.20028261840343475,-0.20911382138729095,0.27098149061203003,0.5094853639602661,-0.2361314296722412,-0.2272915095090866,-0.10183224081993103,-0.2202606350183487,-0.07932758331298828,-0.1476830244064331,0.18701039254665375,-0.2112738937139511,0.021734150126576424,-0.1840689480304718,1.060508131980896,-0.03975702077150345,0.11592986434698105,0.14162075519561768,0.2933690547943115,0.001367173041217029,-0.11254289001226425,0.19347280263900757,-0.13391147553920746,-0.2269386351108551,-0.16849610209465027,0.6667134761810303,-0.1259707808494568,0.8021305203437805,-0.23239988088607788,-0.24635495245456696,-0.04339928552508354,-0.13904812932014465,0.12903255224227905,0.07807958126068115,0.045907992869615555,-0.1449752300977707,0.44685620069503784,-0.2263803780078888,-0.21390630304813385
11,1024,607,1247,830,0.6488707661628723,-0.17391809821128845,0.26712170243263245,1.0037349462509155,-0.18681363761425018,-0.1356227993965149,0.0652044266462326,-0.09556141495704651,-0.026036765426397324,-0.15881571173667908,0.22334390878677368,-0.16314491629600525,-0.08879082649946213,0.047927528619766235,0.20589235424995422,-0.1725035309791565,-0.15959876775741577,-0.13522444665431976,-0.20907695591449738,-0.2131940722465515,0.8298942446708679,-0.0243569016456604,0.882925271987915,-0.15368801355361938,-0.07910724729299545,-0.041664496064186096,-0.20901820063591003,-0.1150917112827301,0.34425297379493713,0.2935868203639984,0.012386603280901909,-0.24821481108665466,-0.16763538122177124,0.061380527913570404,-0.1116795688867569,-0.13012051582336426,-0.2131379395723343,0.13232682645320892,-0.15131203830242157,-0.09337736666202545,-0.2382778525352478,-0.16813303530216217,0.04012686386704445,0.045715779066085815,0.3067430853843689,-0.19890403747558594,-0.08918919414281845,0.4551502466201782,0.12552666664123535,0.5246747136116028,0.026768870651721954,-0.0022623371332883835,0.23357991874217987,-0.2325035184621811,0.1841677725315094,0.15019865334033966,-0.24121561646461487,0.02780134230852127,0.6675155162811279,-0.18370521068572998,0.31044524908065796,0.39723873138427734,-0.19702574610710144,-0.12506218254566193,0.03304092586040497,-0.0022615082561969757,-0.14398548007011414,0.449934720993042,-0.09955331683158875,0.6746762990951538,0.3258326053619385,-0.14012111723423004,0.14423155784606934,0.7476462125778198,-0.07395890355110168,-0.035108666867017746,0.23671621084213257,-0.06478623300790787,-0.07646580785512924,-0.09831018000841141,0.05787421390414238,-0.1448466032743454,-0.2534964084625244,-0.024831993505358696,0.1616002321243286,0.8064672946929932,0.18193641304969788,-0.1745734065771103,-0.008061961270868778,-0.17772597074508667,-0.22202974557876587,0.24036522209644318,0.7735003232955933,-0.23684316873550415,-0.24023565649986267,-0.07408089935779572,-0.20873332023620605,0.0006547262892127037,-0.1815859079360962,0.2172582447528839,-0.2086704820394516,0.060339607298374176,-0.2065092921257019,1.183593511581421,-0.08212121576070786,0.1139640361070633,0.06548283994197845,0.22743290662765503,0.12416372448205948,-0.12674877047538757,0.12933197617530823,-0.10829518735408783,-0.23959077894687653,-0.18324396014213562,0.666886568069458,-0.15485018491744995,0.7250592708587646,-0.2509188950061798,-0.24961043894290924,-0.020665202289819717,-0.11674701422452927,0.20294077694416046,-0.016854194924235344,-0.009435290470719337,-0.11553842574357986,0.34296727180480957,-0.22262178361415863,-0.21560156345367432
12,1297,1427,1466,1597,0.6273791790008545,-0.160861536860466,0.21184556186199188,1.0343307256698608,-0.14268626272678375,-0.2160908728837967,0.16940295696258545,-0.09050402045249939,-0.17978693544864655,-0.21260634064674377,0.27141180634498596,-0.22017259895801544,-0.015364899300038815,0.04424764961004257,0.15030474960803986,-0.17992375791072845,-0.19199588894844055,-0.09053660184144974,-0.2161269187927246,-0.21305809915065765,0.6578066349029541,-0.06353981792926788,0.8519099950790405,-0.07073666900396347,0.014952532947063446,-0.04101075232028961,-0.18312352895736694,-0.13523243367671967,0.3377859890460968,0.2739534080028534,0.02839648351073265,-0.2522639334201813,-0.1773906648159027,0.12465023994445801,-0.14158019423484802,-0.18278950452804565,-0.20784638822078705,0.20171518623828888,-0.2328486293554306,-0.009344052523374557,-0.2429746687412262,-0.16752223670482635,0.06474823504686356,0.14379964768886566,0.047957342118024826,-0.18129320442676544,-0.10400111228227615,0.4674381911754608,0.1290823370218277,0.43271300196647644,0.020342515781521797,-0.07639887183904648,0.3365822434425354,-0.2269204556941986,0.08654662221670151,0.045987389981746674,-0.2554776966571808,-0.04141467809677124,0.5865196585655212,-0.18596823513507843,0.14625857770442963,0.32766667008399963,-0.1990458071231842,-0.13330844044685364,0.06431017071008682,0.037988923490047455,-0.1714954674243927,0.5945471525192261,-0.04638839140534401,0.5327681303024292,0.43611353635787964,-0.12095598131418228,0.07833709567785263,0.33931154012680054,-0.16030052304267883,0.03628384321928024,0.17078062891960144,-0.08717245608568192,-0.1404443085193634,-0.09607532620429993,0.09694824367761612,-0.17876556515693665,-0.2647691071033478,0.00758600328117609,0.01643199846148491,0.6363861560821533,-0.08651257306337357,-0.19628575444221497,0.012477529235184193,-0.20869097113609314,-0.23370087146759033,0.22710421681404114,0.5123235583305359,-0.24998775124549866,-0.23215681314468384,-0.1360127329826355,-0.20477791130542755,-0.08340021967887878,-0.1842644363641739,0.16041716933250427,-0.1654520183801651,0.1211443617939949,-0.1700119972229004,0.8780370354652405,-0.09338100254535675,0.15257009863853455,0.048854175955057144,0.042140375822782516,0.10512065887451172,-0.13705351948738098,0.11958122998476028,-0.14165982604026794,-0.2180332988500595,-0.18502795696258545,0.5727865695953369,-0.16312037408351898,0.7344258427619934,-0.23413270711898804,-0.2572329640388489,-0.08361547440290451,-0.1368209719657898,0.1875041425228119,-0.09133037179708481,0.02506059780716896,-0.11421236395835876,0.2885424792766571,-0.1760619431734085,-0.20189358294010162
13,938,293,1127,482,0.6582422256469727,-0.16908952593803406,0.2648647725582123,1.0151073932647705,-0.14702433347702026,-0.19137006998062134,0.19983799755573273,-0.08100688457489014,-0.12219268828630447,-0.22627748548984528,0.21183736622333527,-0.23732364177703857,-0.074259914457798,0.09034772217273712,0.25742146372795105,-0.17830021679401398,-0.1452643871307373,-0.02652684785425663,-0.13415910303592682,-0.19003616273403168,0.9974015355110168,-0.07515613734722137,0.8415621519088745,-0.07723841816186905,-0.039511483162641525,0.021154774352908134,-0.2065834105014801,-0.150055930018425,0.3548380434513092,0.26189494132995605,-0.035915520042181015,-0.24966305494308472,-0.1736985146999359,0.06336459517478943,-0.1202639564871788,-0.17356492578983307,-0.21808059513568878,0.15546004474163055,-0.18784774839878082,-0.06314295530319214,-0.23382622003555298,-0.17073503136634827,0.1863103210926056,0.13577046990394592,0.18775565922260284,-0.18950553238391876,-0.11358479410409927,0.5021786689758301,0.13495972752571106,0.38698118925094604,0.041835375130176544,-0.01473211869597435,0.3109055757522583,-0.2474559098482132,0.13994482159614563,0.05946597456932068,-0.23523922264575958,0.015244869515299797,0.6737707257270813,-0.1840619146823883,0.28029152750968933,0.2981724739074707,-0.1886061280965805,-0.05183731019496918,0.029569873586297035,0.0643228068947792,-0.16761323809623718,0.47976258397102356,-0.09017035365104675,0.6335839033126831,0.32781678438186646,-0.1046491488814354,0.1348833441734314,0.5231463313102722,-0.13701240718364716,0.0343039333820343,0.2668820917606354,-0.04999620094895363,-0.10935745388269424,-0.12148447334766388,0.08172206580638885,-0.15056030452251434,-0.2542465627193451,-0.005584995727986097,0.10381580889225006,0.6423158645629883,-0.06062723323702812,-0.19224217534065247,-0.022497497498989105,-0.2158714085817337,-0.21062971651554108,0.19602343440055847,0.5225991606712341,-0.24012930691242218,-0.24307911098003387,-0.0943584218621254,-0.22572076320648193,-0.11875957250595093,-0.17886528372764587,0.16471734642982483,-0.18537403643131256,0.042909033596515656,-0.18735061585903168,0.9608327150344849,-0.04255755990743637,0.1427696794271469,0.062429796904325485,0.18347546458244324,0.07608607411384583,-0.12557077407836914,0.19540724158287048,-0.11201319843530655,-0.22701196372509003,-0.17976060509681702,0.649070680141449,-0.13770970702171326,0.7442395091056824,-0.23297539353370667,-0.24388852715492249,-0.07901571691036224,-0.1489267796278,0.17358973622322083,0.055591367185115814,0.002283508889377117,-0.137349471449852,0.3399118185043335,-0.21739594638347626,-0.2109796702861786
14,1511,1400,1648,1537,0.6335439682006836,-0.15791498124599457,0.24785242974758148,1.0468220710754395,-0.0655955821275711,-0.21909847855567932,0.08178666979074478,-0.06336508691310883,-0.08808822184801102,-0.22267866134643555,0.2740173637866974,-0.2255212515592575,-0.06408325582742691,0.01824965327978134,0.19459159672260284,-0.18757160007953644,-0.13612784445285797,-0.16469526290893555,-0.088175930082798,-0.22534675896167755,0.8246535062789917,-0.07558166980743408,0.9639800190925598,-0.14868813753128052,-0.03951197862625122,0.005423950031399727,-0.2121264487504959,-0.07864663749933243,0.378369003534317,0.33576998114585876,0.09535006433725357,-0.25202304124832153,-0.21622321009635925,0.1472097635269165,-0.12224970757961273,-0.12325991690158844,-0.19222712516784668,0.1451607346534729,-0.1914581060409546,-0.023925555869936943,-0.22795391082763672,-0.14289093017578125,0.006254560314118862,0.11175421625375748,0.04245353117585182,-0.1819690316915512,-0.01837717927992344,0.465660035610199,0.12631265819072723,0.6262826323509216,-0.03303464874625206,-0.07865041494369507,0.41630566120147705,-0.23144538700580597,0.1206282526254654,0.2952522933483124,-0.23617978394031525,-0.05421074852347374,0.6090643405914307,-0.17352643609046936,0.16596224904060364,0.30273523926734924,-0.2125072479248047,-0.16476310789585114,0.038627881556749344,-0.051784444600343704,-0.17355488240718842,0.6309643387794495,-0.0888260155916214,0.5818285346031189,0.3295091688632965,-0.10086248070001602,0.03587589040398598,0.359154611825943,-0.14589332044124603,0.05055604130029678,0.2370178997516632,-0.0569278746843338,-0.082829549908638,-0.09085733443498611,0.04171742498874664,-0.12502148747444153,-0.2621091902256012,0.09313387423753738,0.011385992169380188,0.7199665307998657,-0.0291775930672884,-0.21602053940296173,-0.04729323834180832,-0.190249964594841,-0.17855122685432434,0.26971012353897095,0.6475304365158081,-0.2510538101196289,-0.23661105334758759,-0.08969397097826004,-0.19907154142856598,-0.07000503689050674,-0.17517709732055664,0.16121205687522888,-0.1915920525789261,0.03691067174077034,-0.18604810535907745,1.0666637420654297,0.0522117018699646,0.11879823356866837,0.09881484508514404,0.12129022181034088,0.0851462185382843,-0.1843734234571457,0.1617172360420227,-0.05634567514061928,-0.20535285770893097,-0.22178587317466736,0.6059753894805908,-0.1391487717628479,0.7875761389732361,-0.25940388441085815,-0.2395073026418686,-0.0906989574432373,-0.14507116377353668,0.1334078311920166,-0.11537403613328934,0.025612778961658478,-0.12180063873529434,0.3699468970298767,-0.17660100758075714,-0.19861717522144318
15,1237,489,1409,658,0.6617639660835266,-0.18631611764431,0.26258930563926697,0.9919670224189758,-0.15760773420333862,-0.18202418088912964,0.14745968580245972,-0.11493267863988876,-0.18271636962890625,-0.22305075824260712,0.21740929782390594,-0.23752522468566895,-0.10037322342395782,0.1815723329782486,0.35311049222946167,-0.19075898826122284,-0.15846577286720276,0.0834205374121666,0.0019561222288757563,-0.18493229150772095,1.3870002031326294,-0.12450391054153442,0.8335093855857849,-0.049959518015384674,-0.045988038182258606,0.07736952602863312,-0.23258066177368164,-0.1680610328912735,0.4177969992160797,0.30316171050071716,-0.09170085191726685,-0.24942755699157715,-0.18396438658237457,0.10952233523130417,-0.12416446208953857,-0.1918327510356903,-0.21929197013378143,0.17267392575740814,-0.1973934918642044,-0.00974583625793457,-0.22828418016433716,-0.17999333143234253,0.31181925535202026,0.21760953962802887,0.25808656215667725,-0.2164631336927414,-0.14542502164840698,0.3823941648006439,0.2978076934814453,0.544866681098938,0.13748319447040558,0.08527905493974686,0.3048393130302429,-0.259689599275589,0.07364924252033234,0.11703189462423325,-0.2456447035074234,0.10744387656450272,0.6784690022468567,-0.20311333239078522,0.4657205045223236,0.30211296677589417,-0.22107726335525513,0.019918419420719147,0.09366953372955322,0.19106774032115936,-0.15303294360637665,0.5748148560523987,-0.07037784159183502,0.8007045388221741,0.27766841650009155,-0.08738250285387039,0.20789864659309387,0.6808892488479614,-0.11952870339155197,0.12527182698249817,0.36923322081565857,-0.03935562074184418,-0.10794565081596375,-0.12349893152713776,0.14691175520420074,-0.13807980716228485,-0.25837433338165283,-0.023282460868358612,0.1550409495830536,0.5674571990966797,-0.10457441955804825,-0.16463200747966766,-0.03738299384713173,-0.20758293569087982,-0.18598023056983948,0.22876262664794922,0.455744206905365,-0.24010315537452698,-0.23781967163085938,-0.07496276497840881,-0.23877879977226257,-0.13964872062206268,-0.14697343111038208,0.154992014169693,-0.2078990787267685,0.011044400744140148,-0.20733095705509186,1.1597144603729248,0.001674754312261939,0.18762865662574768,0.10881700366735458,0.39180779457092285,0.007987664081156254,-0.12463841587305069,0.2955346703529358,-0.12406761199235916,-0.21741366386413574,-0.15975002944469452,0.6360962986946106,-0.09679429978132248,0.9245486855506897,-0.2150336056947708,-0.2434043437242508,-0.08668974041938782,-0.14134255051612854,0.054236918687820435,0.12572064995765686,0.012100864201784134,-0.13290895521640778,0.46471256017684937,-0.18331946432590485,-0.21988169848918915
16,749,720,927,898,0.6748904585838318,-0.18866220116615295,0.26839756965637207,1.0117768049240112,-0.18580277264118195,-0.19182169437408447,0.22624708712100983,-0.08107168972492218,-0.07655403763055801,-0.22306379675865173,0.21197524666786194,-0.24447530508041382,-0.06583227962255478,0.10713818669319153,0.25882822275161743,-0.18618328869342804,-0.10098809748888016,0.04249655455350876,0.03305971249938011,-0.17600677907466888,1.080137014389038,-0.09531343728303909,0.8648471236228943,-0.08094177395105362,-0.03252451866865158,0.09359675645828247,-0.21497061848640442,-0.17997929453849792,0.4668365716934204,0.3177895247936249,0.014944816008210182,-0.243692547082901,-0.1907998025417328,0.09244555979967117,-0.13581061363220215,-0.1728353202342987,-0.20917771756649017,0.18315789103507996,-0.2005186676979065,0.02866464853286743,-0.2366483360528946,-0.16394533216953278,0.12702566385269165,0.1541566699743271,0.09710817039012909,-0.18736979365348816,-0.14787299931049347,0.5233805775642395,0.19455565512180328,0.4670127332210541,0.04005371406674385,0.04557346552610397,0.40909475088119507,-0.2529219686985016,0.09903513640165329,0.13180191814899445,-0.245844304561615,0.03038184344768524,0.5995169878005981,-0.20774045586585999,0.2954409122467041,0.21264325082302094,-0.20601199567317963,-0.075479656457901,0.07634633779525757,0.13052250444889069,-0.11703211069107056,0.6941583156585693,-0.05642924830317497,0.6278874278068542,0.33627405762672424,-0.13947361707687378,0.13524118065834045,0.4526926875114441,-0.13341845571994781,0.05724409595131874,0.3256824314594269,-0.06235720217227936,-0.12492848932743073,-0.15912994742393494,0.1414734274148941,-0.1586351990699768,-0.24365876615047455,-0.044987570494413376,0.08212852478027344,0.52057284116745,-0.1080055832862854,-0.1708846092224121,-0.03804904222488403,-0.21922855079174042,-0.1938786804676056,0.1930183619260788,0.4643498659133911,-0.24564287066459656,-0.23488663136959076,-0.09478677809238434,-0.22415849566459656,-0.08512261509895325,-0.1704980731010437,0.16294895112514496,-0.18994630873203278,0.048164576292037964,-0.18436655402183533,0.9514510035514832,0.11569088697433472,0.15447184443473816,0.10539589822292328,0.3436974287033081,0.03338050842285156,-0.11914946883916855,0.29226741194725037,-0.1255265176296234,-0.21901175379753113,-0.1519278883934021,0.5869768857955933,-0.10022535175085068,0.7901616096496582,-0.22546535730361938,-0.24986422061920166,-0.06525484472513199,-0.1451495736837387,0.13350418210029602,0.07733531296253204,0.029504751786589622,-0.1333833634853363,0.417635977268219,-0.180466428399086,-0.2077440470457077
17,617,1177,791,1350,0.6077029705047607,-0.18498869240283966,0.22608835995197296,1.0175665616989136,-0.16212239861488342,-0.2115442454814911,0.16085147857666016,-0.08458544313907623,-0.15400701761245728,-0.2111123502254486,0.25538307428359985,-0.2589147984981537,-0.032230108976364136,0.01122183445841074,0.13308341801166534,-0.18626314401626587,-0.2032472789287567,-0.09886094927787781,-0.21906939148902893,-0.22050181031227112,0.5895476937294006,-0.07334674894809723,0.8933296799659729,-0.0506470762193203,-0.024840690195560455,-0.04367610439658165,-0.1929006278514862,-0.14637333154678345,0.30456089973449707,0.24861812591552734,0.05332513526082039,-0.24898484349250793,-0.17887665331363678,0.08509066700935364,-0.14978507161140442,-0.21873651444911957,-0.21363526582717896,0.28912919759750366,-0.23890015482902527,0.03448173403739929,-0.2455056607723236,-0.17158515751361847,0.09150843322277069,0.08347183465957642,0.041998568922281265,-0.17702320218086243,-0.13076870143413544,0.4555867612361908,0.06270908564329147,0.3929208517074585,-0.008123147301375866,-0.11723709851503372,0.3782128691673279,-0.23683549463748932,0.06904265284538269,0.12306294590234756,-0.25400617718696594,-0.11830948293209076,0.5487602353096008,-0.17898103594779968,0.15777873992919922,0.38255780935287476,-0.19905288517475128,-0.15068867802619934,0.09146255999803543,0.029915478080511093,-0.20744279026985168,0.6655527353286743,-0.05163845792412758,0.5554931163787842,0.48042646050453186,-0.1222219467163086,0.04312294349074364,0.24760226905345917,-0.1550845354795456,0.03296174108982086,0.11947077512741089,-0.12543387711048126,-0.18601258099079132,-0.090367391705513,0.14369846880435944,-0.18495909869670868,-0.26213914155960083,-0.033386144787073135,-0.018776288256049156,0.7106087803840637,-0.10524626076221466,-0.21417886018753052,0.014810167253017426,-0.1779988706111908,-0.2462632656097412,0.2999166250228882,0.5029688477516174,-0.24251118302345276,-0.2416793555021286,-0.15401652455329895,-0.2101806104183197,-0.09056861698627472,-0.1788690835237503,0.174505814909935,-0.1884789764881134,0.11285462230443954,-0.1668245643377304,0.9301377534866333,-0.10535928606987,0.14086700975894928,0.007927365601062775,0.08931507170200348,0.08028718829154968,-0.13636897504329681,0.12091882526874542,-0.1345938891172409,-0.19230540096759796,-0.19387996196746826,0.5822495222091675,-0.17727497220039368,0.6370915770530701,-0.2489447295665741,-0.26379796862602234,-0.08864685148000717,-0.13965365290641785,0.1618376523256302,-0.06933853030204773,0.034871771931648254,-0.11879674345254898,0.2995658814907074,-0.20210440456867218,-0.1971583068370819
18,1525,486,1675,637,0.6885114908218384,-0.18733075261116028,0.29789748787879944,1.0272386074066162,-0.2109319567680359,-0.18230773508548737,0.27007320523262024,-0.12155862897634506,-0.08346971869468689,-0.23865334689617157,0.28299179673194885,-0.2454940527677536,-0.03866252303123474,0.1154896691441536,0.2854228615760803,-0.2079000473022461,-0.17529486119747162,-0.10137512534856796,-0.07243786007165909,-0.21301142871379852,1.0826225280761719,-0.09517289698123932,0.9727761149406433,-0.0823005810379982,-0.040028780698776245,0.06690852344036102,-0.2107076346874237,-0.1548556238412857,0.5289068222045898,0.30856233835220337,-0.02332521229982376,-0.24234920740127563,-0.18280230462551117,0.11578646302223206,-0.13210740685462952,-0.15771430730819702,-0.21454448997974396,0.20901936292648315,-0.18806692957878113,0.04335997998714447,-0.24201437830924988,-0.1718495637178421,0.19159211218357086,0.17949536442756653,0.09802991896867752,-0.2012196183204651,-0.1295410841703415,0.47805991768836975,0.1920982152223587,0.5117062330245972,-0.03389618545770645,0.003028574865311384,0.41658565402030945,-0.2439756691455841,0.08812490850687027,0.11668352037668228,-0.25879091024398804,0.006333473604172468,0.5919377207756042,-0.18652470409870148,0.2029452919960022,0.33729949593544006,-0.22198468446731567,-0.07484163343906403,0.131212055683136,0.1079215332865715,-0.19549676775932312,0.6398533582687378,-0.050186946988105774,0.6730216145515442,0.31049370765686035,-0.1217133179306984,0.14512944221496582,0.37514033913612366,-0.16839130222797394,0.10758911073207855,0.35773441195487976,0.0015858453698456287,-0.07599961012601852,-0.15490330755710602,0.09127966314554214,-0.17328235507011414,-0.2667361795902252,0.007369619328528643,0.07686997205018997,0.6632563471794128,-0.10814037919044495,-0.1760750561952591,-0.050330422818660736,-0.19607311487197876,-0.17878971993923187,0.270450234413147,0.5513524413108826,-0.24766744673252106,-0.2616916298866272,-0.11842727661132812,-0.21542158722877502,-0.12991073727607727,-0.16784943640232086,0.16000598669052124,-0.18534959852695465,0.07755434513092041,-0.1673821359872818,1.0345085859298706,0.09267065674066544,0.18125738203525543,0.09849280118942261,0.12174087017774582,0.05070158839225769,-0.19530704617500305,0.23129518330097198,-0.129115030169487,-0.20224513113498688,-0.18661244213581085,0.6099628210067749,-0.1304406374692917,0.8185268044471741,-0.25303730368614197,-0.2563396692276001,-0.08092091977596283,-0.14229005575180054,0.11914726346731186,-0.006490687374025583,0.0038536738138645887,-0.13155661523342133,0.42792168259620667,-0.1650434285402298,-0.20795370638370514
19,1239,968,1434,1163,0.6672643423080444,-0.14512187242507935,0.35671064257621765,1.0020703077316284,-0.07801114022731781,-0.1651214063167572,0.20334698259830475,-0.08918885141611099,-0.11457528173923492,-0.20088674128055573,0.15157046914100647,-0.2213437557220459,-0.04017005115747452,0.05909120291471481,0.2693032920360565,-0.1915295571088791,-0.09631185233592987,0.01969265565276146,0.0570809431374073,-0.18316055834293365,0.9717596769332886,-0.0948902890086174,0.9007666707038879,-0.10220636427402496,0.003518537851050496,0.11018440127372742,-0.20176060497760773,-0.1694825142621994,0.43481913208961487,0.34774062037467957,0.07056405395269394,-0.2472275048494339,-0.14142277836799622,0.0685829371213913,-0.13523124158382416,-0.12590405344963074,-0.21900279819965363,0.28033483028411865,-0.1505567878484726,-0.04935881868004799,-0.23105862736701965,-0.17154020071029663,0.15917837619781494,0.1525096297264099,0.2633610665798187,-0.18772047758102417,-0.07030367851257324,0.537429928779602,0.15314117074012756,0.4780498147010803,0.007741630543023348,0.003258837154135108,0.3532082140445709,-0.23760023713111877,0.19450443983078003,0.10346415638923645,-0.22053579986095428,0.01926492527127266,0.5951597094535828,-0.20956797897815704,0.359540194272995,0.268541157245636,-0.17806388437747955,-0.10599313676357269,0.026925118640065193,0.10390724986791611,-0.11934089660644531,0.4702056646347046,-0.09483671933412552,0.6256535649299622,0.32918548583984375,-0.12848062813282013,0.08847592771053314,0.5323572158813477,-0.12948642671108246,-0.0014418491628021002,0.33817020058631897,-0.03278473764657974,-0.11987274885177612,0.003777372185140848,0.12346359342336655,-0.1581292450428009,-0.25588521361351013,-0.013971514999866486,0.10590248554944992,0.6189560294151306,-0.10185637325048447,-0.165403813123703,0.004384832922369242,-0.1946229487657547,-0.1861909180879593,0.2160574197769165,0.5571764707565308,-0.23925025761127472,-0.2237592339515686,-0.10323313623666763,-0.22729694843292236,-0.05024867504835129,-0.1692507416009903,0.19873245060443878,-0.18536120653152466,0.10549262911081314,-0.18858815729618073,1.0925028324127197,0.12754426896572113,0.12156275659799576,0.12009783089160919,0.3608304560184479,0.06470054388046265,-0.16896942257881165,0.2700045108795166,-0.12394162267446518,-0.2328723967075348,-0.1451917439699173,0.6809560060501099,-0.12940697371959686,0.7180593609809875,-0.22509554028511047,-0.24677884578704834,-0.0967278853058815,-0.13963103294372559,0.16414408385753632,0.10908834636211395,0.047758426517248154,-0.13432225584983826,0.5186601877212524,-0.17630384862422943,-0.2130761295557022
20,478,418,600,538,0.7119402289390564,-0.16321048140525818,0.3277990520000458,1.0425087213516235,-0.11593233048915863,-0.19120776653289795,0.26522552967071533,-0.08758603781461716,-0.08810761570930481,-0.23846518993377686,0.2701634168624878,-0.21057575941085815,-0.11798076331615448,0.02679171971976757,0.2733733654022217,-0.19242744147777557,-0.14781157672405243,-0.17337127029895782,0.03477993980050087,-0.19828471541404724,1.1094322204589844,-0.1101430132985115,0.9171990752220154,-0.07908140867948532,-0.04264316335320473,0.1006329134106636,-0.22556045651435852,-0.16258922219276428,0.4378948509693146,0.25330206751823425,0.06438007205724716,-0.2467949241399765,-0.19475366175174713,0.14080700278282166,-0.10369066148996353,-0.13741597533226013,-0.2075788378715515,0.21191123127937317,-0.17880411446094513,-0.004150508437305689,-0.23759694397449493,-0.1568048745393753,0.09771262854337692,0.2236546277999878,0.1092027947306633,-0.1877894401550293,-0.11011563241481781,0.5289876461029053,0.17375816404819489,0.5800849199295044,-0.005793142132461071,-0.05859791487455368,0.577296793460846,-0.24832701683044434,0.16698682308197021,0.31096601486206055,-0.24722443521022797,-0.018572939559817314,0.6412776708602905,-0.1772487610578537,0.31226685643196106,0.23089037835597992,-0.20386232435703278,-0.10711578279733658,0.06661011278629303,0.07356862723827362,-0.13783004879951477,0.6300687789916992,-0.06646612286567688,0.6058450937271118,0.3190178871154785,-0.08116116374731064,0.10676315426826477,0.40841901302337646,-0.18631167709827423,0.11151441186666489,0.3547859191894531,-0.021873129531741142,-0.07529187947511673,-0.11143510788679123,0.09957181662321091,-0.1361023634672165,-0.2566240131855011,0.14927783608436584,0.05739917606115341,0.703731894493103,-0.17570175230503082,-0.2005295306444168,-0.043730344623327255,-0.23243682086467743,-0.15121470391750336,0.22692415118217468,0.564007580280304,-0.24976661801338196,-0.2301250398159027,-0.10099221020936966,-0.2140149623155594,-0.15513674914836884,-0.1856391876935959,0.15832655131816864,-0.18420132994651794,0.05858531966805458,-0.1845594346523285,1.0583664178848267,0.11608897894620895,0.15080533921718597,0.06421913206577301,0.18226367235183716,0.07969103008508682,-0.18132026493549347,0.3357623219490051,-0.07770094275474548,-0.18543106317520142,-0.20101459324359894,0.6249694228172302,-0.10417928546667099,0.8874749541282654,-0.24733752012252808,-0.25366801023483276,-0.10520545393228531,-0.14914393424987793,0.08027391135692596,0.0024346874561160803,0.051955707371234894,-0.13669423758983612,0.5960984826087952,-0.15016378462314606,-0.20711567997932434
21,1341,493,1558,712,0.7106561064720154,-0.1922980099916458,0.2830922305583954,0.985194981098175,-0.1768275499343872,-0.11541745811700821,0.1323818564414978,-0.14394110441207886,-0.0682704821228981,-0.17191271483898163,0.19951415061950684,-0.2184031903743744,-0.09339968115091324,0.10416227579116821,0.3374473452568054,-0.19337327778339386,-0.15078802406787872,0.00398567970842123,-0.058963920921087265,-0.19831231236457825,1.1964054107666016,-0.08816417306661606,0.8971425294876099,-0.08859214186668396,-0.09313467890024185,0.06251215934753418,-0.22597381472587585,-0.18643398582935333,0.5144675374031067,0.3340519964694977,-0.08525615185499191,-0.24339242279529572,-0.14344574511051178,0.06889703869819641,-0.12990419566631317,-0.12608930468559265,-0.22009038925170898,0.1504567265510559,-0.12874896824359894,-0.07297305762767792,-0.22020673751831055,-0.17579984664916992,0.23467053472995758,0.15170477330684662,0.35204261541366577,-0.2100038230419159,-0.10153327137231827,0.4287513792514801,0.18587826192378998,0.48990216851234436,0.05685338005423546,0.09830937534570694,0.25533536076545715,-0.2418968379497528,0.17614208161830902,0.04787154495716095,-0.21697089076042175,0.1038750484585762,0.6383417248725891,-0.20169106125831604,0.3788067698478699,0.3634163439273834,-0.20828549563884735,-0.01129170786589384,0.038580894470214844,0.0851956233382225,-0.1179787889122963,0.48797497153282166,-0.08188027143478394,0.7451960444450378,0.2752881646156311,-0.10804963856935501,0.17784914374351501,0.7033807039260864,-0.08481768518686295,0.040375642478466034,0.3932015001773834,-0.010923382826149464,-0.06348980963230133,-0.045071203261613846,0.06475477665662766,-0.1768716722726822,-0.26127269864082336,-0.05965143442153931,0.20584774017333984,0.6490927338600159,0.07842758297920227,-0.15868516266345978,-0.041498955339193344,-0.1615583449602127,-0.19935785233974457,0.22532039880752563,0.7118854522705078,-0.23613831400871277,-0.2399173527956009,-0.07306297868490219,-0.22857321798801422,-0.05104086548089981,-0.16656728088855743,0.17355383932590485,-0.2103453427553177,0.029303299263119698,-0.206425741314888,1.157281517982483,-0.00275063025765121,0.15773561596870422,0.09035853296518326,0.44068580865859985,0.06547003984451294,-0.13070280849933624,0.2368832230567932,-0.11537066102027893,-0.22659832239151,-0.16178351640701294,0.6836745738983154,-0.1174645945429802,0.8059616684913635,-0.22582104802131653,-0.23386140167713165,-0.05159870162606239,-0.12478841841220856,0.15486998856067657,0.1379217952489853,-0.0316481851041317,-0.12151294201612473,0.43871062994003296,-0.17698031663894653,-0.22193574905395508
22,133,493,283,644,0.6955921649932861,-0.15606112778186798,0.3233945965766907,1.0574612617492676,-0.1296812742948532,-0.2050379365682602,0.14212921261787415,-0.03786059841513634,-0.12463106215000153,-0.2067921906709671,0.199832946062088,-0.18273001909255981,-0.04222463443875313,0.09115821123123169,0.2778545916080475,-0.1401907056570053,-0.061213016510009766,-0.022070785984396935,-0.05881896987557411,-0.1868962198495865,1.034435749053955,-0.012991090305149555,0.8714759945869446,-0.0434655025601387,-0.0479314811527729,0.06393033266067505,-0.19534459710121155,-0.08591169863939285,0.42019176483154297,0.27523982524871826,-0.01693168841302395,-0.23528477549552917,-0.18183675408363342,0.17129534482955933,-0.10457762330770493,-0.11295459419488907,-0.19964657723903656,0.16901782155036926,-0.185543492436409,0.09402662515640259,-0.19794145226478577,-0.13296087086200714,0.15557251870632172,0.23182129859924316,0.10057597607374191,-0.1687890738248825,0.011886434629559517,0.5081464052200317,0.22148394584655762,0.4677501320838928,0.06773567199707031,0.008404344320297241,0.4432911276817322,-0.23780232667922974,0.1760992854833603,0.13683852553367615,-0.20214320719242096,0.029213571920990944,0.6559883952140808,-0.19525891542434692,0.23837420344352722,0.3389720022678375,-0.19901983439922333,-0.13400857150554657,0.11046536266803741,0.12518347799777985,-0.158293217420578,0.6177704334259033,-0.02613680623471737,0.5828583836555481,0.3465898036956787,-0.08823636919260025,0.1466948390007019,0.5111017823219299,-0.16682842373847961,0.05297183245420456,0.3136555254459381,0.015633979812264442,-0.08001866936683655,-0.07533404231071472,0.1446387618780136,-0.09063848853111267,-0.2627311944961548,-0.003710415679961443,0.04968959093093872,0.5828757286071777,0.0634361132979393,-0.1967100203037262,0.01865377090871334,-0.16992436349391937,-0.10854040086269379,0.19817915558815002,0.6394673585891724,-0.2541969120502472,-0.23161326348781586,-0.12047944962978363,-0.21500375866889954,0.0226492490619421,-0.16543738543987274,0.1346522718667984,-0.16744722425937653,0.08069822937250137,-0.13643400371074677,1.0227296352386475,0.10616717487573624,0.22646485269069672,0.21584974229335785,0.22163981199264526,0.019955327734351158,-0.15460912883281708,0.2706962823867798,-0.046796269714832306,-0.18843518197536469,-0.1826901137828827,0.575434684753418,-0.07988789677619934,0.7806040644645691,-0.24301184713840485,-0.18820025026798248,-0.025414032861590385,-0.15021245181560516,0.193131223320961,-0.03802142292261124,0.014743112958967686,-0.12310036271810532,0.35986194014549255,-0.18148699402809143,-0.19537854194641113
23,226,1408,367,1549,0.5995849967002869,-0.1981271505355835,0.34189990162849426,1.0357013940811157,-0.2279759645462036,-0.20934449136257172,0.15516406297683716,-0.10343050211668015,-0.10906398296356201,-0.22220386564731598,0.2672983407974243,-0.2461930513381958,-0.08823393285274506,0.10140955448150635,0.2374405860900879,-0.17949369549751282,-0.14863532781600952,-0.09298212081193924,0.022851066663861275,-0.2215193212032318,0.8025431632995605,-0.059212103486061096,0.8502591848373413,-0.08127164840698242,0.03165091574192047,0.049170419573783875,-0.20231670141220093,-0.17702175676822662,0.3935732841491699,0.19546261429786682,0.0013910641428083181,-0.24693667888641357,-0.17211200296878815,0.16751500964164734,-0.12573587894439697,-0.18342827260494232,-0.22090251743793488,0.19715014100074768,-0.21399953961372375,0.10115842521190643,-0.24400494992733002,-0.17225094139575958,0.19846658408641815,0.1292874962091446,0.1126302033662796,-0.19755974411964417,-0.149359792470932,0.4474867284297943,0.22414469718933105,0.5480086207389832,0.04596150293946266,-0.06125270947813988,0.3880067765712738,-0.2428613305091858,0.10922838747501373,0.09096508473157883,-0.243492990732193,-0.04859722778201103,0.5850692391395569,-0.1665007621049881,0.246220663189888,0.33233726024627686,-0.20248784124851227,-0.1672508269548416,0.10347460955381393,0.0627395436167717,-0.16462504863739014,0.5397783517837524,-0.04994698986411095,0.757847011089325,0.34484827518463135,-0.10059899091720581,0.10906565189361572,0.30697008967399597,-0.17133311927318573,0.05608035996556282,0.2600308656692505,-0.08191636949777603,-0.15370452404022217,-0.16198743879795074,0.11906241625547409,-0.1676340103149414,-0.26172542572021484,0.1265968531370163,-0.004169386811554432,0.7119301557540894,-0.10597742348909378,-0.18412639200687408,-0.0062170797027647495,-0.23346412181854248,-0.18117845058441162,0.25299111008644104,0.3777052164077759,-0.24363350868225098,-0.21825429797172546,-0.14797016978263855,-0.2195580005645752,-0.14845263957977295,-0.1437889188528061,0.18166519701480865,-0.17743073403835297,0.03955240547657013,-0.12663285434246063,1.0228147506713867,-0.034854840487241745,0.14295579493045807,0.16080321371555328,0.22284121811389923,-0.024307673797011375,-0.17462041974067688,0.18434548377990723,-0.15486155450344086,-0.18897444009780884,-0.198786661028862,0.608087420463562,-0.1405188888311386,0.8473149538040161,-0.24212642014026642,-0.24395550787448883,-0.08275151997804642,-0.1449802964925766,0.12520574033260345,-0.03310743719339371,0.07910647243261337,-0.14386673271656036,0.5215840935707092,-0.16287223994731903,-0.19353234767913818
24,1161,163,1350,352,0.6939870715141296,-0.17719903588294983,0.39079156517982483,1.0156307220458984,-0.1720445305109024,-0.1620582640171051,0.1896744668483734,-0.09596189856529236,-0.04190688580274582,-0.19920745491981506,0.1811731606721878,-0.19524148106575012,-0.046300988644361496,0.09865818917751312,0.2827456593513489,-0.1580100804567337,-0.15990710258483887,0.03536863252520561,-0.029417844489216805,-0.20946571230888367,0.823235273361206,-0.0239066444337368,0.8778946995735168,-0.0813937783241272,-0.007882246747612953,0.0330645926296711,-0.19006913900375366,-0.1783134490251541,0.4617500603199005,0.32096096873283386,-0.03001520037651062,-0.24798551201820374,-0.14295265078544617,0.08011918514966965,-0.14700685441493988,-0.09742138534784317,-0.2205900251865387,0.20431330800056458,-0.1885259449481964,0.042504049837589264,-0.2362239509820938,-0.16624665260314941,0.1607418805360794,0.1499233990907669,0.16105177998542786,-0.18208180367946625,-0.06284556537866592,0.5347122550010681,0.1851501166820526,0.47454747557640076,-0.003118170192465186,0.00032702836324460804,0.3063873052597046,-0.2249113768339157,0.1709350198507309,0.00974760390818119,-0.22376565635204315,0.010611319914460182,0.5733927488327026,-0.22086314857006073,0.3637901246547699,0.34300696849823,-0.17032691836357117,-0.06834592670202255,0.14750626683235168,0.1478375494480133,-0.15135449171066284,0.4960921108722687,-0.03471286594867706,0.6399016380310059,0.4004453122615814,-0.1415603756904602,0.1455327868461609,0.46302491426467896,-0.13790923357009888,-0.03969615697860718,0.2534014880657196,-0.06616409868001938,-0.10637316852807999,-0.07317011803388596,0.11828036606311798,-0.16908429563045502,-0.2577759027481079,-0.05709684640169144,0.09024845063686371,0.6849777102470398,0.08069679141044617,-0.15788179636001587,0.007403733674436808,-0.20133939385414124,-0.20131275057792664,0.27109891176223755,0.5674039721488953,-0.24271827936172485,-0.21701112389564514,-0.12740355730056763,-0.22508344054222107,-0.02129230834543705,-0.16032466292381287,0.20962637662887573,-0.1846713423728943,0.08108147978782654,-0.16144323348999023,0.9616114497184753,-0.005457053426653147,0.19095773994922638,0.1858561635017395,0.39111968874931335,0.05998487398028374,-0.12779851257801056,0.1526949107646942,-0.1377222239971161,-0.19327089190483093,-0.1290261596441269,0.6383184194564819,-0.12487997114658356,0.7516222596168518,-0.22274485230445862,-0.23274540901184082,-0.05817035958170891,-0.13538317382335663,0.21982136368751526,0.06275385618209839,0.033580414950847626,-0.12124508619308472,0.4293034076690674,-0.17607437074184418,-0.2023363709449768
25,1311,1127,1498,1316,0.6934107542037964,-0.17307347059249878,0.3724576532840729,0.9998750686645508,-0.20424968004226685,-0.16203568875789642,0.25999850034713745,-0.136615589261055,-0.08754394203424454,-0.19730409979820251,0.19071541726589203,-0.18347874283790588,-0.09016594290733337,0.053009722381830215,0.2870180308818817,-0.19157931208610535,-0.09071071445941925,0.018194062635302544,0.11300385743379593,-0.21000443398952484,1.0593880414962769,-0.0855461061000824,0.9094954133033752,-0.11009666323661804,-0.04398128762841225,0.09665051847696304,-0.2060425728559494,-0.16116006672382355,0.41371026635169983,0.3098202645778656,-0.03246337175369263,-0.24470630288124084,-0.16301840543746948,0.08894408494234085,-0.11818184703588486,-0.127647265791893,-0.22399120032787323,0.2583748996257782,-0.1608254313468933,0.00884307362139225,-0.22890229523181915,-0.18134477734565735,0.13625630736351013,0.15364906191825867,0.2620636224746704,-0.2085694521665573,-0.17028982937335968,0.5614518523216248,0.1708497405052185,0.5652614235877991,-0.001530700596049428,-0.0034435014240443707,0.3035396933555603,-0.24518422782421112,0.19193090498447418,0.06670939922332764,-0.24417369067668915,0.02861817367374897,0.6013614535331726,-0.19642721116542816,0.46739572286605835,0.25862598419189453,-0.19479849934577942,-0.09477411955595016,0.06945430487394333,0.16082343459129333,-0.13206537067890167,0.5115540027618408,-0.04441509395837784,0.731550395488739,0.2896555960178375,-0.14369997382164001,0.14804895222187042,0.7193652391433716,-0.15091153979301453,0.019624345004558563,0.3622058629989624,-0.03451252728700638,-0.10048624873161316,-0.1995457261800766,0.10920749604701996,-0.17010706663131714,-0.2638568580150604,0.0037951406557112932,0.12874659895896912,0.6629670262336731,-0.05520106106996536,-0.16271251440048218,-0.009572729468345642,-0.23054541647434235,-0.20144906640052795,0.2494489550590515,0.5039198994636536,-0.24020469188690186,-0.24012167751789093,-0.07948451489210129,-0.232914999127388,-0.06131390109658241,-0.17357751727104187,0.19862857460975647,-0.1956954151391983,0.04300541803240776,-0.17967306077480316,1.1463488340377808,0.1160603016614914,0.11416509002447128,0.15214823186397552,0.46885180473327637,0.07017713040113449,-0.2015727162361145,0.30314698815345764,-0.1504226177930832,-0.22073766589164734,-0.13839080929756165,0.6269683837890625,-0.11637116223573685,0.7814928293228149,-0.2440003901720047,-0.24680748581886292,-0.056893691420555115,-0.14321739971637726,0.16006329655647278,0.12433846294879913,0.06987520307302475,-0.14090068638324738,0.6084848642349243,-0.1857016533613205,-0.21358679234981537
26,1103,245,1245,387,0.6598869562149048,-0.20133493840694427,0.42069777846336365,0.9931524395942688,-0.10679560154676437,-0.1807173788547516,0.311110258102417,-0.13845457136631012,-0.05683024972677231,-0.21388179063796997,0.23587805032730103,-0.23937511444091797,-0.13604483008384705,0.15754777193069458,0.3667472302913666,-0.19989994168281555,-0.1560186743736267,0.1000869870185852,0.05063987150788307,-0.221084862947464,1.0492017269134521,-0.0975828543305397,0.9361539483070374,-0.0708259642124176,-0.012076296843588352,0.08102820068597794,-0.22577127814292908,-0.18483589589595795,0.306926429271698,0.36007797718048096,0.012624764814972878,-0.2505294382572174,-0.17892685532569885,0.05185394734144211,-0.13390354812145233,-0.19685153663158417,-0.231637641787529,0.3284664750099182,-0.18917641043663025,0.013090480118989944,-0.2407722920179367,-0.19999752938747406,0.18519943952560425,0.18420664966106415,0.19061541557312012,-0.19208648800849915,-0.14296217262744904,0.5490034222602844,0.18041545152664185,0.6153324246406555,-0.007353694178164005,0.02514045685529709,0.43619635701179504,-0.251164048910141,0.16925935447216034,0.0865970328450203,-0.2432565540075302,-0.019756527617573738,0.6971494555473328,-0.23245179653167725,0.5435628890991211,0.3032826781272888,-0.20135483145713806,-0.018748179078102112,0.21546785533428192,0.22919166088104248,-0.1920361965894699,0.3947236239910126,-0.08076532930135727,0.6636475324630737,0.2991272211074829,-0.1675405204296112,0.15380409359931946,0.5053227543830872,-0.15088127553462982,-0.017450282350182533,0.2574698030948639,-0.08316930383443832,-0.12480025738477707,-0.18132907152175903,0.22610481083393097,-0.17608332633972168,-0.26168760657310486,-0.0026995243970304728,0.13315007090568542,0.5713524222373962,-0.12074349075555801,-0.16521917283535004,0.012114578858017921,-0.23378261923789978,-0.22345569729804993,0.3422686457633972,0.37499740719795227,-0.2375352382659912,-0.25265079736709595,-0.08364701271057129,-0.22933851182460785,-0.14081870019435883,-0.15974093973636627,0.26161181926727295,-0.2024209201335907,-0.029373614117503166,-0.2024182379245758,1.1610130071640015,0.0732695609331131,0.09654804319143295,0.166803240776062,0.46518003940582275,0.019411785528063774,-0.20723383128643036,0.2683241665363312,-0.16223615407943726,-0.19940225780010223,-0.1283894032239914,0.6395252346992493,-0.13658857345581055,0.8467698097229004,-0.22161614894866943,-0.24966230988502502,-0.09569122642278671,-0.13153262436389923,0.11480677127838135,0.1674625128507614,0.14679142832756042,-0.15138767659664154,0.6057449579238892,-0.20534326136112213,-0.21232794225215912
27,1124,1263,1271,1410,0.6646267771720886,-0.1522328406572342,0.28045064210891724,1.0271116495132446,-0.0981806293129921,-0.18671847879886627,0.30204248428344727,-0.09266237169504166,-0.14463673532009125,-0.2278614640235901,0.17462314665317535,-0.248027041554451,-0.016302701085805893,0.11928600817918777,0.33094194531440735,-0.18711510300636292,0.004740155301988125,0.05891382694244385,0.30328571796417236,-0.20381556451320648,1.1451412439346313,-0.08996003121137619,0.9224869608879089,-0.06656825542449951,-0.03173746541142464,0.12803180515766144,-0.19845958054065704,-0.1627558171749115,0.42963913083076477,0.3416541814804077,-0.03790862858295441,-0.24387682974338531,-0.17189273238182068,0.14409774541854858,-0.12691418826580048,-0.09681679308414459,-0.21379438042640686,0.15791849792003632,-0.18804863095283508,-0.038627270609140396,-0.15572598576545715,-0.15254732966423035,0.2700363099575043,0.13442029058933258,0.1272868663072586,-0.16240902245044708,-0.05362395569682121,0.61716228723526,0.2334926426410675,0.44295060634613037,0.10837025195360184,0.08284556865692139,0.36209574341773987,-0.241657093167305,0.07842545956373215,0.11315369606018066,-0.20080873370170593,0.09443459659814835,0.6645515561103821,-0.18765626847743988,0.3696552813053131,0.3142106235027313,-0.20123688876628876,-0.008744392544031143,0.02436920441687107,0.04704521596431732,-0.12377911061048508,0.5548993349075317,-0.06810196489095688,0.6319003701210022,0.2615770697593689,-0.05306697636842728,0.07401207834482193,0.5488178133964539,-0.1667461395263672,0.037177763879299164,0.3228393793106079,-0.0005156861734576523,-0.10949467122554779,-0.06008312478661537,0.06766574084758759,-0.14065487682819366,-0.2664600908756256,-0.08068988472223282,0.15718746185302734,0.5240166187286377,-0.0689392164349556,-0.1828671544790268,0.01642528548836708,-0.1800321489572525,-0.18653038144111633,0.15085604786872864,0.4778219759464264,-0.2494923621416092,-0.24373742938041687,-0.09478948265314102,-0.22536198794841766,-0.019743243232369423,-0.17469872534275055,0.10387664288282394,-0.1768222153186798,0.08620350062847137,-0.16418731212615967,0.9651291966438293,0.14911730587482452,0.1736234724521637,0.1492445170879364,0.4341457486152649,0.039258237928152084,-0.17745685577392578,0.3218006193637848,-0.0818975642323494,-0.2156132608652115,-0.16461630165576935,0.6160900592803955,-0.05151401087641716,0.7316567897796631,-0.23877429962158203,-0.20957203209400177,-0.06058068946003914,-0.16165265440940857,0.16528481245040894,0.14261050522327423,0.07458806782960892,-0.1543286144733429,0.41700056195259094,-0.1381794959306717,-0.2023802399635315
28,1736,663,1838,765,0.5251274108886719,-0.23092404007911682,0.26683613657951355,1.0034693479537964,-0.22727559506893158,-0.21001079678535461,0.3636094331741333,-0.19234344363212585,-0.03267635032534599,-0.27009403705596924,0.36209726333618164,-0.2469741851091385,-0.17198871076107025,0.18965089321136475,0.41018375754356384,-0.2545992434024811,0.08594708889722824,-0.12294869124889374,0.5317711234092712,-0.23437708616256714,1.6527338027954102,-0.15893152356147766,0.7888946533203125,-0.08644875884056091,-0.06344939768314362,0.12591199576854706,-0.2408636510372162,-0.1022316962480545,0.5585848093032837,0.2569236755371094,-0.1329093873500824,-0.22608168423175812,-0.2090751826763153,0.11331964284181595,-0.10446441918611526,-0.20040814578533173,-0.2268742322921753,0.049761563539505005,-0.23767971992492676,0.0996643528342247,-0.25204500555992126,-0.1938948929309845,0.1878342479467392,0.15009421110153198,0.039837054908275604,-0.23409095406532288,-0.20809780061244965,0.6651272177696228,0.30173343420028687,0.5073614120483398,-0.009097307920455933,0.02609189599752426,0.5679850578308105,-0.2692042589187622,0.012003019452095032,0.2203333079814911,-0.26641952991485596,0.023982923477888107,0.6605656147003174,-0.19362525641918182,0.3312153220176697,0.1101856529712677,-0.23226302862167358,0.003295835107564926,0.0642109215259552,0.058272652328014374,-0.08178212493658066,0.5489072799682617,-0.08422689139842987,0.8092601299285889,0.05382873862981796,-0.08431509137153625,0.13761037588119507,0.5864431858062744,-0.1934906244277954,0.20685765147209167,0.40324944257736206,0.009560206905007362,-0.02333088032901287,-0.2028689682483673,0.0024222731590270996,-0.194999560713768,-0.27114278078079224,0.1524602770805359,0.09150685369968414,0.3793294131755829,-0.22645169496536255,-0.12756557762622833,-0.09309031069278717,-0.23009134829044342,-0.18147012591362,0.15757037699222565,0.15609191358089447,-0.2336633801460266,-0.25887730717658997,-0.00935906358063221,-0.252073734998703,-0.15841113030910492,-0.1720060259103775,0.1567162275314331,-0.2006310373544693,-0.11445865780115128,-0.22786670923233032,1.2972509860992432,0.2070755511522293,0.1804492026567459,0.1586807519197464,0.5022884607315063,-0.029204165562987328,-0.2261892408132553,0.24873535335063934,-0.17014631628990173,-0.21203801035881042,-0.17169518768787384,0.5934044122695923,-0.06429658830165863,1.2100024223327637,-0.22693713009357452,-0.2496064007282257,-0.12074227631092072,-0.15906094014644623,0.004748043604195118,0.2848818898200989,0.10105981677770615,-0.19649234414100647,0.8350056409835815,-0.06073593348264694,-0.21791431307792664
29,1243,1092,1363,1213,0.6454603672027588,-0.1784297525882721,0.35380858182907104,0.9847131371498108,-0.1829991489648819,-0.1674051582813263,0.397726446390152,-0.1717214286327362,-0.04265068843960762,-0.24074268341064453,0.2033289521932602,-0.22861187160015106,-0.09515396505594254,0.0856093317270279,0.27195262908935547,-0.23074692487716675,-0.10614902526140213,-0.1485951989889145,0.1476585417985916,-0.20616210997104645,1.170564889907837,-0.1602010726928711,0.9351763725280762,-0.09711529314517975,-0.08152341842651367,0.11748971790075302,-0.20314238965511322,-0.19867412745952606,0.40620681643486023,0.31583496928215027,-0.07090265303850174,-0.23803891241550446,-0.15793710947036743,0.09591580927371979,-0.12770362198352814,-0.18305549025535583,-0.23019252717494965,0.2656140923500061,-0.14594706892967224,-0.03896326944231987,-0.24333742260932922,-0.2025558352470398,0.15221232175827026,0.21415187418460846,0.3921399712562561,-0.22579193115234375,-0.185920849442482,0.6063193082809448,0.20148079097270966,0.6991857886314392,-0.03551356866955757,-0.04902839660644531,0.34711578488349915,-0.25053173303604126,0.11723645776510239,0.05890829116106033,-0.2592291831970215,-0.014038128778338432,0.638397753238678,-0.20169301331043243,0.5294525623321533,0.2150934785604477,-0.1913285255432129,-0.08065765351057053,0.09534372389316559,0.23624256253242493,-0.14342069625854492,0.3590860664844513,-0.08328595757484436,0.7963083982467651,0.2748199701309204,-0.12262605130672455,0.08234161883592606,0.5992196202278137,-0.18798762559890747,0.054779548197984695,0.43263182044029236,-0.0007995354826562107,-0.10896138101816177,-0.21388643980026245,0.06387688219547272,-0.1924111545085907,-0.26662442088127136,-0.04980748891830444,0.1298859715461731,0.6414053440093994,-0.18997801840305328,-0.15084290504455566,-0.03900320827960968,-0.2630121111869812,-0.19807544350624084,0.3190264105796814,0.32047736644744873,-0.23371069133281708,-0.2553090751171112,-0.08118759840726852,-0.2404884248971939,-0.17629466950893402,-0.18784305453300476,0.22987182438373566,-0.18606379628181458,0.033772848546504974,-0.1934654265642166,1.268932819366455,0.13633506000041962,0.09252110868692398,0.0574282631278038,0.2535281479358673,0.06087389960885048,-0.21295394003391266,0.36252784729003906,-0.18225957453250885,-0.22152549028396606,-0.1808532327413559,0.6207708716392517,-0.13893139362335205,0.8636887669563293,-0.23883740603923798,-0.2646019458770752,-0.12419828027486801,-0.13996122777462006,0.12036363035440445,0.17263934016227722,0.11716874688863754,-0.15862508118152618,0.7071342468261719,-0.15467065572738647,-0.2249026894569397
30,870,781,976,886,0.6579450964927673,-0.20252856612205505,0.22856885194778442,0.9720708131790161,-0.24221408367156982,-0.21280787885189056,0.46747612953186035,-0.21829631924629211,-0.004048611968755722,-0.26028990745544434,0.26932990550994873,-0.25018057227134705,-0.19948911666870117,0.11556506156921387,0.4467117190361023,-0.2366175651550293,0.04227379336953163,0.21428555250167847,0.5439352989196777,-0.17944654822349548,1.675902009010315,-0.1794545203447342,0.8924458026885986,-0.08376865833997726,-0.1198742538690567,0.19980338215827942,-0.2509118914604187,-0.18667492270469666,0.637564480304718,0.334012508392334,-0.10614489763975143,-0.23021309077739716,-0.22834259271621704,0.03102119266986847,-0.11811824142932892,-0.18470922112464905,-0.24207723140716553,0.12207524478435516,-0.22067387402057648,0.0927765965461731,-0.232412189245224,-0.21035844087600708,0.18018248677253723,0.10228714346885681,0.05335596948862076,-0.22710779309272766,-0.2585906982421875,0.6813992261886597,0.2734726071357727,0.5592990517616272,-0.007742308080196381,0.24519388377666473,0.5056807994842529,-0.2695716619491577,0.06318528950214386,0.26208484172821045,-0.24821747839450836,0.050867028534412384,0.6648309230804443,-0.23068788647651672,0.5882920026779175,0.06642498075962067,-0.24288088083267212,0.03244813159108162,0.05253049358725548,0.10182597488164902,-0.09751810133457184,0.4567314684391022,-0.03880128264427185,0.8470040559768677,0.03343798220157623,-0.16843461990356445,0.24443724751472473,0.6988286972045898,-0.18951904773712158,0.09330189973115921,0.44752389192581177,-0.03445661440491676,-0.11205220222473145,-0.22518213093280792,0.1305796205997467,-0.22663336992263794,-0.2661641836166382,0.0024101678282022476,0.21606746315956116,0.5001022219657898,-0.17961478233337402,-0.13896028697490692,-0.07653631269931793,-0.2571072578430176,-0.2062753140926361,0.04761232063174248,0.19548359513282776,-0.23294171690940857,-0.2666255831718445,-0.015588399954140186,-0.24895808100700378,-0.15381711721420288,-0.17738448083400726,0.17528703808784485,-0.20364230871200562,-0.08106823265552521,-0.24237994849681854,1.0994856357574463,0.29162806272506714,0.14784863591194153,0.24354229867458344,0.6340292692184448,-0.044359445571899414,-0.21586929261684418,0.34182482957839966,-0.1990480124950409,-0.22779211401939392,-0.14456796646118164,0.6777101755142212,-0.03592432290315628,1.1447575092315674,-0.20972147583961487,-0.25016048550605774,-0.06900070607662201,-0.16249319911003113,0.02020207792520523,0.34613823890686035,0.13606928288936615,-0.20945781469345093,0.6955455541610718,-0.1120796874165535,-0.2284088134765625
31,1377,1070,1491,1185,0.8026065826416016,-0.17025057971477509,0.31634169816970825,0.9991495013237,-0.2110956907272339,-0.21631141006946564,0.41759538650512695,-0.15161775052547455,-0.0976468175649643,-0.21387970447540283,0.1459987759590149,-0.17702515423297882,-0.12115228176116943,0.06022939085960388,0.47199565172195435,-0.19126684963703156,-0.04466196522116661,0.35912665724754333,0.2813623547554016,-0.14924080669879913,1.4306640625,-0.09277166426181793,0.9663707613945007,-0.06832225620746613,-0.06079889461398125,0.245895653963089,-0.20972588658332825,-0.13875609636306763,0.5726513862609863,0.3742775321006775,-0.05832508206367493,-0.24693141877651215,-0.2019597589969635,0.027406534180045128,-0.11568184196949005,-0.08171332627534866,-0.22716441750526428,0.20439742505550385,-0.14602790772914886,0.030637472867965698,-0.20238541066646576,-0.17962919175624847,0.17422717809677124,0.247514009475708,0.13916127383708954,-0.19625774025917053,-0.19718101620674133,0.6788577437400818,0.22303204238414764,0.47815728187561035,0.01675850711762905,0.23348596692085266,0.423685759305954,-0.25463342666625977,0.21138599514961243,0.036192089319229126,-0.2047533094882965,0.16673587262630463,0.7127839922904968,-0.22910217940807343,0.5723461508750916,0.09701176732778549,-0.1970038115978241,-0.031870655715465546,0.10123669356107712,0.18552915751934052,-0.11370986700057983,0.5746153593063354,-0.06567347049713135,0.6370407938957214,0.13368545472621918,-0.1501426249742508,0.240069180727005,0.8798648715019226,-0.14998702704906464,0.008711165748536587,0.3914810121059418,0.042515650391578674,-0.08720751851797104,-0.15336011350154877,0.23119831085205078,-0.15730710327625275,-0.27157512307167053,-0.06028394028544426,0.2565494179725647,0.44677066802978516,-0.07222990691661835,-0.15571506321430206,-0.01459678914397955,-0.2307589054107666,-0.12544642388820648,0.08792611956596375,0.4801696836948395,-0.24213938415050507,-0.2517467439174652,-0.07144621014595032,-0.24035964906215668,-0.030260318890213966,-0.1888325959444046,0.17081819474697113,-0.18332135677337646,0.07128778100013733,-0.1883968859910965,1.1654798984527588,0.37742897868156433,0.1313832849264145,0.2813699245452881,0.7670233845710754,-0.018025217577815056,-0.2372436821460724,0.397828072309494,-0.1181277260184288,-0.23185043036937714,-0.04581846669316292,0.6762522459030151,-0.05363140255212784,0.733763575553894,-0.20937971770763397,-0.2263845056295395,-0.03551052138209343,-0.16294600069522858,0.14654052257537842,0.2568025290966034,0.11868714541196823,-0.16463430225849152,0.5397361516952515,-0.1915978491306305,-0.21399299800395966
32,1179,1691,1270,1780,0.6753289103507996,-0.23030754923820496,0.1711927056312561,1.010671615600586,-0.21297289431095123,-0.15010732412338257,0.26459038257598877,-0.1061379685997963,-0.15511153638362885,-0.24919207394123077,0.3676165044307709,-0.2610020339488983,-0.07841171324253082,0.04482833296060562,0.3471664786338806,-0.18311023712158203,0.007215522229671478,-0.0894986242055893,0.34480181336402893,-0.19275248050689697,1.3404022455215454,-0.06622058898210526,0.6785100102424622,-0.024268943816423416,-0.04073049873113632,0.09835827350616455,-0.21614044904708862,-0.16586753726005554,0.40051549673080444,0.20283740758895874,-0.12926217913627625,-0.1940268576145172,-0.19599021971225739,0.20516860485076904,-0.08127808570861816,-0.17756053805351257,-0.2256331890821457,-0.025042902678251266,-0.14748944342136383,-0.07318708300590515,-0.20014598965644836,-0.16550883650779724,0.03677446395158768,0.05626608431339264,0.2129058688879013,-0.21199771761894226,-0.1629525125026703,0.6106977462768555,0.3423534631729126,0.37859004735946655,0.07961662858724594,0.032719966024160385,0.4501073658466339,-0.24904079735279083,0.12430144846439362,0.019502395763993263,-0.23465107381343842,0.06815773248672485,0.62941974401474,-0.2091693878173828,0.4915527105331421,0.297252893447876,-0.15180759131908417,-0.111844502389431,-0.010871262289583683,-0.14535142481327057,0.08471759408712387,0.43321168422698975,-0.037687748670578,0.675568163394928,0.2706006169319153,-0.11004927009344101,0.058026354759931564,0.6956467628479004,-0.1559365689754486,0.005144596099853516,0.40833792090415955,-0.07723220437765121,-0.09005681425333023,-0.20496098697185516,0.03067280724644661,-0.15690910816192627,-0.2749142050743103,-0.04308180883526802,0.2473292052745819,0.4763285517692566,-0.07747401297092438,-0.18953807651996613,-0.05074547231197357,-0.2188018411397934,-0.1806221604347229,0.18737006187438965,0.33926743268966675,-0.2337983399629593,-0.23809728026390076,-0.04431791976094246,-0.2523801922798157,0.018178001046180725,-0.1874394714832306,0.14441083371639252,-0.17961432039737701,0.012912963517010212,-0.16363941133022308,1.1640841960906982,0.08227284252643585,0.33368271589279175,0.13265308737754822,0.6171134114265442,-0.05186843127012253,-0.15313778817653656,0.2450481802225113,-0.14055517315864563,-0.1964336484670639,-0.21127614378929138,0.595523476600647,-0.06933436542749405,0.9548465013504028,-0.25809624791145325,-0.18488118052482605,-0.08867789804935455,-0.16485512256622314,0.1252853125333786,0.268373966217041,0.08539006114006042,-0.1274096965789795,0.6754151582717896,-0.1659950166940689,-0.21602120995521545
33,1091,1280,1189,1378,0.7229718565940857,-0.17161427438259125,0.2608523964881897,1.0257419347763062,-0.15439534187316895,-0.22818711400032043,0.4112255573272705,-0.1036556288599968,-0.1617327183485031,-0.2521638572216034,0.19663110375404358,-0.2529071271419525,-0.060583438724279404,0.061919379979372025,0.4043610692024231,-0.18453508615493774,0.13264690339565277,0.12864084541797638,0.46760687232017517,-0.20405399799346924,1.4450536966323853,-0.11985769122838974,0.9982673525810242,-0.09249608963727951,-0.05692340061068535,0.1902410387992859,-0.22334077954292297,-0.2153407335281372,0.4352516233921051,0.4507006108760834,-0.061518698930740356,-0.2336398810148239,-0.20953741669654846,0.11325790733098984,-0.12833325564861298,-0.08585914969444275,-0.21057620644569397,0.043833453208208084,-0.1749202460050583,-0.20208092033863068,-0.11321602016687393,-0.14051516354084015,0.14106999337673187,0.13594140112400055,0.09654117375612259,-0.16527357697486877,-0.11776185035705566,0.7009052634239197,0.1579441875219345,0.42541447281837463,0.10862156003713608,0.1383388489484787,0.45754051208496094,-0.25557443499565125,0.022030828520655632,0.11473285406827927,-0.1726415455341339,0.12124885618686676,0.7120503783226013,-0.19886858761310577,0.42623111605644226,0.1432296484708786,-0.18724876642227173,0.08399925380945206,-0.044006962329149246,0.018833782523870468,-0.11069848388433456,0.6101263165473938,-0.0995427593588829,0.6304447054862976,0.15777114033699036,-0.0024219155311584473,0.030474424362182617,0.4412606358528137,-0.15917758643627167,0.030340416356921196,0.3398157060146332,0.022361740469932556,-0.057521115988492966,-0.19164042174816132,-0.0006960004684515297,-0.15614192187786102,-0.2720411419868469,-0.1854090392589569,0.20956897735595703,0.5664883852005005,-0.005985085852444172,-0.19517268240451813,-0.10926204919815063,-0.21730808913707733,-0.18141412734985352,0.12237156927585602,0.48461294174194336,-0.24731937050819397,-0.2598763704299927,-0.04568694159388542,-0.2284531593322754,-0.09377691894769669,-0.21144263446331024,0.09310773760080338,-0.18320028483867645,-0.0027878822293132544,-0.18756061792373657,0.9710739254951477,0.2356100082397461,0.1119663342833519,0.17204514145851135,0.4387899339199066,0.10077295452356339,-0.20716214179992676,0.35247576236724854,-0.05502067878842354,-0.24602699279785156,-0.15532337129116058,0.6078190207481384,-0.010828465223312378,0.7868275046348572,-0.24302826821804047,-0.17092888057231903,-0.06469298154115677,-0.17722992599010468,0.19157306849956512,0.20854774117469788,0.08797512203454971,-0.1505957394838333,0.29763123393058777,-0.10201690346002579,-0.20504029095172882
